{"chunk_definitions":[{"row":12,"row_count":1,"visible":true,"expansion_state":0,"options":{"engine":"r","label":"unnamed-chunk-2"},"document_id":"8E8E8FCF","chunk_id":"co7ki8p6a8l54","chunk_label":"unnamed-chunk-1"},{"row":17,"row_count":1,"visible":true,"expansion_state":0,"options":{"engine":"r","label":"unnamed-chunk-4"},"document_id":"8E8E8FCF","chunk_id":"cnbyc0zgzmkwy","chunk_label":"unnamed-chunk-2"},{"row":24,"row_count":1,"visible":true,"expansion_state":0,"options":{"engine":"r","label":"unnamed-chunk-5"},"document_id":"8E8E8FCF","chunk_id":"c0uxet6vq67zv","chunk_label":"unnamed-chunk-3"},{"row":30,"row_count":1,"visible":true,"expansion_state":0,"options":{"engine":"r","label":"unnamed-chunk-6"},"document_id":"8E8E8FCF","chunk_id":"caxpf3141qwre","chunk_label":"unnamed-chunk-4"},{"row":37,"row_count":1,"visible":true,"expansion_state":0,"options":{"engine":"r","label":"unnamed-chunk-15"},"document_id":"8E8E8FCF","chunk_id":"cvhcq498gmkep","chunk_label":"unnamed-chunk-5"},{"row":42,"row_count":1,"visible":true,"expansion_state":0,"options":{"engine":"r","label":"unnamed-chunk-49"},"document_id":"8E8E8FCF","chunk_id":"c61qhdzdi0iqy","chunk_label":"unnamed-chunk-6"},{"row":56,"row_count":1,"visible":true,"expansion_state":0,"options":{"engine":"r","label":"unnamed-chunk-64"},"document_id":"8E8E8FCF","chunk_id":"c47yptdhuxxeu","chunk_label":"unnamed-chunk-8"},{"row":62,"row_count":1,"visible":true,"expansion_state":0,"options":{"engine":"r","label":"unnamed-chunk-65"},"document_id":"8E8E8FCF","chunk_id":"cjjksd553wxu9","chunk_label":"unnamed-chunk-9"},{"row":68,"row_count":1,"visible":true,"expansion_state":0,"options":{"engine":"r","label":"unnamed-chunk-67"},"document_id":"8E8E8FCF","chunk_id":"cpbpu8zu4nx3e","chunk_label":"unnamed-chunk-10"},{"row":73,"row_count":1,"visible":true,"expansion_state":0,"options":{"engine":"r","label":"unnamed-chunk-68"},"document_id":"8E8E8FCF","chunk_id":"ch9v1zs9ywtzn","chunk_label":"unnamed-chunk-11"},{"row":78,"row_count":1,"visible":true,"expansion_state":0,"options":{"engine":"r","label":"unnamed-chunk-69"},"document_id":"8E8E8FCF","chunk_id":"ccr35vh6co1oa","chunk_label":"unnamed-chunk-12"}],"doc_write_time":1671522637,"chunk_rendered_width":700}