{"chunk_definitions":[{"row":7,"row_count":1,"visible":true,"expansion_state":0,"options":{"engine":"r","label":"unnamed-chunk-2"},"document_id":"CB4B1697","chunk_id":"cyanag9ouuvan","chunk_label":"unnamed-chunk-1"},{"row":19,"row_count":1,"visible":true,"expansion_state":0,"options":{"engine":"r","label":"unnamed-chunk-4"},"document_id":"CB4B1697","chunk_id":"chgripl37q132","chunk_label":"unnamed-chunk-2"},{"row":26,"row_count":1,"visible":true,"expansion_state":0,"options":{"engine":"r","label":"unnamed-chunk-5"},"document_id":"CB4B1697","chunk_id":"cvikea6asktqd","chunk_label":"unnamed-chunk-3"},{"row":35,"row_count":1,"visible":true,"expansion_state":0,"options":{"engine":"r","label":"unnamed-chunk-6"},"document_id":"CB4B1697","chunk_id":"c9ivrqh40h23l","chunk_label":"unnamed-chunk-4"},{"row":40,"row_count":1,"visible":true,"expansion_state":0,"options":{"engine":"r","label":"unnamed-chunk-7"},"document_id":"CB4B1697","chunk_id":"ci7a2wdptpyej","chunk_label":"unnamed-chunk-5"},{"row":45,"row_count":1,"visible":true,"expansion_state":0,"options":{"engine":"r","label":"unnamed-chunk-8"},"document_id":"CB4B1697","chunk_id":"c4cwq1kwk07pk","chunk_label":"unnamed-chunk-6"},{"row":54,"row_count":1,"visible":true,"expansion_state":0,"options":{"engine":"r","label":"unnamed-chunk-9"},"document_id":"CB4B1697","chunk_id":"c0bot10v9re0r","chunk_label":"unnamed-chunk-7"},{"row":79,"row_count":1,"visible":true,"expansion_state":0,"options":{"engine":"r","label":"unnamed-chunk-10"},"document_id":"CB4B1697","chunk_id":"cf9tnjyvn7e6s","chunk_label":"unnamed-chunk-8"},{"row":84,"row_count":1,"visible":true,"expansion_state":0,"options":{"engine":"r","label":"unnamed-chunk-11"},"document_id":"CB4B1697","chunk_id":"clbyj11p0w4a1","chunk_label":"unnamed-chunk-9"},{"row":91,"row_count":1,"visible":true,"expansion_state":0,"options":{"engine":"r","label":"unnamed-chunk-12"},"document_id":"CB4B1697","chunk_id":"cn1xfagvjy6h3","chunk_label":"unnamed-chunk-10"},{"row":100,"row_count":1,"visible":true,"expansion_state":0,"options":{"engine":"r","label":"unnamed-chunk-13"},"document_id":"CB4B1697","chunk_id":"c2rgoyp7a3dg3","chunk_label":"unnamed-chunk-11"},{"row":109,"row_count":1,"visible":true,"expansion_state":0,"options":{"engine":"r","label":"unnamed-chunk-14"},"document_id":"CB4B1697","chunk_id":"c55j7qgiyqdrk","chunk_label":"unnamed-chunk-12"},{"row":116,"row_count":1,"visible":true,"expansion_state":0,"options":{"engine":"r","label":"unnamed-chunk-15"},"document_id":"CB4B1697","chunk_id":"cnzsm9we9een8","chunk_label":"unnamed-chunk-13"},{"row":124,"row_count":1,"visible":true,"expansion_state":0,"options":{"engine":"r","label":"unnamed-chunk-16"},"document_id":"CB4B1697","chunk_id":"clifh0ab3j4z8","chunk_label":"unnamed-chunk-14"},{"row":135,"row_count":1,"visible":true,"expansion_state":0,"options":{"engine":"r","label":"unnamed-chunk-17"},"document_id":"CB4B1697","chunk_id":"cwi63quwc0fu2","chunk_label":"unnamed-chunk-15"}],"doc_write_time":1673021247}