{"chunk_definitions":[{"row":11,"row_count":1,"visible":true,"expansion_state":0,"options":{"engine":"r","label":"unnamed-chunk-8"},"document_id":"2993A999","chunk_id":"cve2bs19k5zok","chunk_label":"unnamed-chunk-1"},{"row":16,"row_count":1,"visible":true,"expansion_state":0,"options":{"engine":"r","label":"unnamed-chunk-6"},"document_id":"2993A999","chunk_id":"c5oncnqsncpsx","chunk_label":"unnamed-chunk-2"},{"row":24,"row_count":1,"visible":true,"expansion_state":0,"options":{"engine":"r","label":"unnamed-chunk-5"},"document_id":"2993A999","chunk_id":"cz2n5k38igaqo","chunk_label":"unnamed-chunk-3"},{"row":41,"row_count":1,"visible":true,"expansion_state":0,"options":{"engine":"r","label":"unnamed-chunk-7"},"document_id":"2993A999","chunk_id":"cdt6qochn1f63","chunk_label":"unnamed-chunk-5"},{"row":48,"row_count":1,"visible":true,"expansion_state":0,"options":{"engine":"r","label":"unnamed-chunk-9"},"document_id":"2993A999","chunk_id":"cj2mmedl1pt7e","chunk_label":"unnamed-chunk-6"},{"row":54,"row_count":1,"visible":true,"expansion_state":0,"options":{"engine":"r","label":"unnamed-chunk-14"},"document_id":"2993A999","chunk_id":"cx5qon48n5bm3","chunk_label":"unnamed-chunk-7"},{"row":60,"row_count":1,"visible":true,"expansion_state":0,"options":{"engine":"r","label":"unnamed-chunk-17"},"document_id":"2993A999","chunk_id":"c3r1cyvn3x4zj","chunk_label":"unnamed-chunk-8"},{"row":67,"row_count":1,"visible":true,"expansion_state":0,"options":{"engine":"r","label":"unnamed-chunk-18"},"document_id":"2993A999","chunk_id":"c5t9d5wzw4gvp","chunk_label":"unnamed-chunk-9"},{"row":85,"row_count":1,"visible":true,"expansion_state":0,"options":{"engine":"r","label":"unnamed-chunk-24"},"document_id":"2993A999","chunk_id":"cz1j9rw3ekteu","chunk_label":"unnamed-chunk-10"},{"row":91,"row_count":1,"visible":true,"expansion_state":0,"options":{"engine":"r","label":"unnamed-chunk-26"},"document_id":"2993A999","chunk_id":"c25ic27wnmlm5","chunk_label":"unnamed-chunk-11"},{"row":97,"row_count":1,"visible":true,"expansion_state":0,"options":{"engine":"r","label":"unnamed-chunk-25"},"document_id":"2993A999","chunk_id":"ci5o39240wu68","chunk_label":"unnamed-chunk-12"},{"row":102,"row_count":1,"visible":true,"expansion_state":0,"options":{"engine":"r","label":"unnamed-chunk-8"},"document_id":"2993A999","chunk_id":"c47ofc045zwve","chunk_label":"unnamed-chunk-13"},{"row":107,"row_count":1,"visible":true,"expansion_state":0,"options":{"engine":"r","label":"unnamed-chunk-9"},"document_id":"2993A999","chunk_id":"crimbc7sme9v5","chunk_label":"unnamed-chunk-14"},{"row":112,"row_count":1,"visible":true,"expansion_state":0,"options":{"engine":"r","label":"unnamed-chunk-10"},"document_id":"2993A999","chunk_id":"cfc5r0ppkace8","chunk_label":"unnamed-chunk-15"},{"row":117,"row_count":1,"visible":true,"expansion_state":0,"options":{"engine":"r","label":"unnamed-chunk-29"},"document_id":"2993A999","chunk_id":"cga5drqy036fe","chunk_label":"unnamed-chunk-16"},{"row":122,"row_count":1,"visible":true,"expansion_state":0,"options":{"engine":"r","label":"unnamed-chunk-2"},"document_id":"2993A999","chunk_id":"cdz6dp7ccsz2u","chunk_label":"unnamed-chunk-17"},{"row":127,"row_count":1,"visible":true,"expansion_state":0,"options":{"engine":"r","label":"unnamed-chunk-31"},"document_id":"2993A999","chunk_id":"ckc2jvjwscmvi","chunk_label":"unnamed-chunk-18"}],"doc_write_time":1671378091,"chunk_rendered_width":663}