{"chunk_definitions":[{"row":8,"row_count":1,"visible":true,"expansion_state":0,"options":{"engine":"r","label":"unnamed-chunk-21"},"document_id":"04881E43","chunk_id":"cer3hgbk75r8p","chunk_label":"unnamed-chunk-1"},{"row":69,"row_count":1,"visible":true,"expansion_state":0,"options":{"engine":"r","label":"unnamed-chunk-22"},"document_id":"04881E43","chunk_id":"c8zz9fuyac7vw","chunk_label":"unnamed-chunk-13"},{"row":76,"row_count":1,"visible":true,"expansion_state":0,"options":{"engine":"r","label":"unnamed-chunk-3"},"document_id":"04881E43","chunk_id":"cvc4tv31ri6gg","chunk_label":"unnamed-chunk-14"},{"row":82,"row_count":1,"visible":true,"expansion_state":0,"options":{"engine":"r","label":"unnamed-chunk-4"},"document_id":"04881E43","chunk_id":"cpls17aj4apcl","chunk_label":"unnamed-chunk-15"},{"row":87,"row_count":1,"visible":true,"expansion_state":0,"options":{"engine":"r","label":"unnamed-chunk-12"},"document_id":"7E6E88F4","chunk_id":"cmm7fizlnvcx9","chunk_label":"unnamed-chunk-16"}],"doc_write_time":1671377202,"chunk_rendered_width":663}