{"chunk_definitions":[{"row":7,"row_count":1,"visible":true,"expansion_state":0,"options":{"engine":"r","label":"unnamed-chunk-21"},"document_id":"CB4B1697","chunk_id":"cyanag9ouuvan","chunk_label":"unnamed-chunk-1"},{"row":19,"row_count":1,"visible":true,"expansion_state":0,"options":{"engine":"r","label":"unnamed-chunk-27"},"document_id":"CB4B1697","chunk_id":"chgripl37q132","chunk_label":"unnamed-chunk-2"},{"row":26,"row_count":1,"visible":true,"expansion_state":0,"options":{"engine":"r","label":"unnamed-chunk-29"},"document_id":"CB4B1697","chunk_id":"cvikea6asktqd","chunk_label":"unnamed-chunk-3"},{"row":35,"row_count":1,"visible":true,"expansion_state":0,"options":{"engine":"r","label":"unnamed-chunk-30"},"document_id":"CB4B1697","chunk_id":"c9ivrqh40h23l","chunk_label":"unnamed-chunk-4"},{"row":40,"row_count":1,"visible":true,"expansion_state":0,"options":{"engine":"r","label":"unnamed-chunk-60"},"document_id":"CB4B1697","chunk_id":"ci7a2wdptpyej","chunk_label":"unnamed-chunk-5"},{"row":45,"row_count":1,"visible":true,"expansion_state":0,"options":{"engine":"r","label":"unnamed-chunk-61"},"document_id":"CB4B1697","chunk_id":"c4cwq1kwk07pk","chunk_label":"unnamed-chunk-6"},{"row":54,"row_count":1,"visible":true,"expansion_state":0,"options":{"engine":"r","label":"unnamed-chunk-62"},"document_id":"CB4B1697","chunk_id":"c0bot10v9re0r","chunk_label":"unnamed-chunk-7"},{"row":67,"row_count":1,"visible":true,"expansion_state":0,"options":{"engine":"r","label":"unnamed-chunk-82"},"document_id":"CB4B1697","chunk_id":"cf9tnjyvn7e6s","chunk_label":"unnamed-chunk-8"},{"row":74,"row_count":1,"visible":true,"expansion_state":0,"options":{"engine":"r","label":"unnamed-chunk-49"},"document_id":"CB4B1697","chunk_id":"cn1xfagvjy6h3","chunk_label":"unnamed-chunk-9"},{"row":81,"row_count":1,"visible":true,"expansion_state":0,"options":{"engine":"r","label":"unnamed-chunk-50"},"document_id":"CB4B1697","chunk_id":"c55j7qgiyqdrk","chunk_label":"unnamed-chunk-10"},{"row":88,"row_count":1,"visible":true,"expansion_state":0,"options":{"engine":"r","label":"unnamed-chunk-51"},"document_id":"CB4B1697","chunk_id":"cnzsm9we9een8","chunk_label":"unnamed-chunk-11"},{"row":96,"row_count":1,"visible":true,"expansion_state":0,"options":{"engine":"r","label":"unnamed-chunk-52"},"document_id":"CB4B1697","chunk_id":"clifh0ab3j4z8","chunk_label":"unnamed-chunk-12"},{"row":100,"row_count":1,"visible":true,"expansion_state":0,"options":{"engine":"r","label":"unnamed-chunk-53"},"document_id":"CB4B1697","chunk_id":"cb09kygmdo48t","chunk_label":"unnamed-chunk-13"}],"doc_write_time":1672927559}