{"chunk_definitions":[{"row":7,"row_count":1,"visible":true,"expansion_state":0,"options":{"engine":"r","label":"unnamed-chunk-1"},"document_id":"8E8E8FCF","chunk_id":"clrtze54yxayn","chunk_label":"unnamed-chunk-1"},{"row":16,"row_count":1,"visible":true,"expansion_state":0,"options":{"engine":"r","label":"unnamed-chunk-2"},"document_id":"8E8E8FCF","chunk_id":"co7ki8p6a8l54","chunk_label":"unnamed-chunk-2"},{"row":21,"row_count":1,"visible":true,"expansion_state":0,"options":{"engine":"r","label":"unnamed-chunk-3"},"document_id":"8E8E8FCF","chunk_id":"cnbyc0zgzmkwy","chunk_label":"unnamed-chunk-3"},{"row":28,"row_count":1,"visible":true,"expansion_state":0,"options":{"engine":"r","label":"unnamed-chunk-4"},"document_id":"8E8E8FCF","chunk_id":"c0uxet6vq67zv","chunk_label":"unnamed-chunk-4"},{"row":34,"row_count":1,"visible":true,"expansion_state":0,"options":{"engine":"r","label":"unnamed-chunk-5"},"document_id":"8E8E8FCF","chunk_id":"c4tdeurny2qvc","chunk_label":"unnamed-chunk-5"},{"row":42,"row_count":1,"visible":true,"expansion_state":0,"options":{"engine":"r","label":"unnamed-chunk-6"},"document_id":"8E8E8FCF","chunk_id":"cpugetst2caxl","chunk_label":"unnamed-chunk-6"},{"row":48,"row_count":1,"visible":true,"expansion_state":0,"options":{"engine":"r","label":"unnamed-chunk-7"},"document_id":"8E8E8FCF","chunk_id":"ccaa86u5zcldr","chunk_label":"unnamed-chunk-7"},{"row":56,"row_count":1,"visible":true,"expansion_state":0,"options":{"engine":"r","label":"unnamed-chunk-8"},"document_id":"8E8E8FCF","chunk_id":"ctlrq01hwty55","chunk_label":"unnamed-chunk-8"},{"row":63,"row_count":1,"visible":true,"expansion_state":0,"options":{"engine":"r","label":"unnamed-chunk-9"},"document_id":"8E8E8FCF","chunk_id":"c5xh3t9qoreuh","chunk_label":"unnamed-chunk-9"},{"row":69,"row_count":1,"visible":true,"expansion_state":0,"options":{"engine":"r","label":"unnamed-chunk-10"},"document_id":"8E8E8FCF","chunk_id":"cacjmw302zzj4","chunk_label":"unnamed-chunk-10"},{"row":75,"row_count":1,"visible":true,"expansion_state":0,"options":{"engine":"r","label":"unnamed-chunk-11"},"document_id":"8E8E8FCF","chunk_id":"csr5u89h06a02","chunk_label":"unnamed-chunk-11"},{"row":81,"row_count":1,"visible":true,"expansion_state":0,"options":{"engine":"r","label":"unnamed-chunk-12"},"document_id":"8E8E8FCF","chunk_id":"cdcqykcmtvjwo","chunk_label":"unnamed-chunk-12"},{"row":87,"row_count":1,"visible":true,"expansion_state":0,"options":{"engine":"r","label":"unnamed-chunk-13"},"document_id":"8E8E8FCF","chunk_id":"cdqz3ty1kstdi","chunk_label":"unnamed-chunk-13"}],"doc_write_time":1671700630,"chunk_rendered_width":400}