{"chunk_definitions":[{"row":12,"row_count":1,"visible":true,"expansion_state":0,"options":{"engine":"r","label":"unnamed-chunk-1"},"document_id":"FB334817","chunk_id":"cffhco9j3r10y","chunk_label":"unnamed-chunk-1"},{"row":18,"row_count":1,"visible":true,"expansion_state":0,"options":{"engine":"r","label":"unnamed-chunk-2"},"document_id":"FB334817","chunk_id":"cn6k25j82s2fq","chunk_label":"unnamed-chunk-2"},{"row":24,"row_count":1,"visible":true,"expansion_state":0,"options":{"engine":"r","label":"unnamed-chunk-3"},"document_id":"FB334817","chunk_id":"c4lg2qitf5o25","chunk_label":"unnamed-chunk-3"},{"row":29,"row_count":1,"visible":true,"expansion_state":0,"options":{"engine":"r","label":"unnamed-chunk-4"},"document_id":"FB334817","chunk_id":"c8v0kfcvkbrnk","chunk_label":"unnamed-chunk-4"}],"doc_write_time":1671377664,"chunk_rendered_width":663}