{"chunk_definitions":[{"row":12,"row_count":1,"visible":true,"expansion_state":0,"options":{"engine":"r","label":"unnamed-chunk-23"},"document_id":"76D174A2","chunk_id":"ctzkwxe87bqoq","chunk_label":"unnamed-chunk-1"},{"row":16,"row_count":1,"visible":true,"expansion_state":0,"options":{"engine":"r","label":"unnamed-chunk-24"},"document_id":"76D174A2","chunk_id":"crh7xxv7g5xyw","chunk_label":"unnamed-chunk-2"},{"row":21,"row_count":1,"visible":true,"expansion_state":0,"options":{"engine":"r","label":"unnamed-chunk-25"},"document_id":"76D174A2","chunk_id":"cvin2kwjvdtqj","chunk_label":"unnamed-chunk-3"},{"row":26,"row_count":1,"visible":true,"expansion_state":0,"options":{"engine":"r","label":"unnamed-chunk-26"},"document_id":"76D174A2","chunk_id":"cyg1mgsyv2hkk","chunk_label":"unnamed-chunk-4"},{"row":31,"row_count":1,"visible":true,"expansion_state":0,"options":{"engine":"r","label":"unnamed-chunk-27"},"document_id":"76D174A2","chunk_id":"caorqb05ddloy","chunk_label":"unnamed-chunk-5"},{"row":35,"row_count":1,"visible":true,"expansion_state":0,"options":{"engine":"r","label":"unnamed-chunk-28"},"document_id":"76D174A2","chunk_id":"csx67pfml4srj","chunk_label":"unnamed-chunk-6"},{"row":40,"row_count":1,"visible":true,"expansion_state":0,"options":{"engine":"r","label":"unnamed-chunk-29"},"document_id":"76D174A2","chunk_id":"cqws2cezzwep9","chunk_label":"unnamed-chunk-7"},{"row":52,"row_count":1,"visible":true,"expansion_state":0,"options":{"engine":"r","label":"unnamed-chunk-30"},"document_id":"76D174A2","chunk_id":"crzgjrc4vzxof","chunk_label":"unnamed-chunk-8"},{"row":61,"row_count":1,"visible":true,"expansion_state":0,"options":{"engine":"r","label":"unnamed-chunk-31"},"document_id":"76D174A2","chunk_id":"cb0h5vvz47wc1","chunk_label":"unnamed-chunk-9"},{"row":68,"row_count":1,"visible":true,"expansion_state":0,"options":{"engine":"r","label":"unnamed-chunk-32"},"document_id":"76D174A2","chunk_id":"cnxnil7hadkp4","chunk_label":"unnamed-chunk-10"},{"row":73,"row_count":1,"visible":true,"expansion_state":0,"options":{"engine":"r","label":"unnamed-chunk-33"},"document_id":"76D174A2","chunk_id":"c1lfs68c5kxbq","chunk_label":"unnamed-chunk-11"},{"row":78,"row_count":1,"visible":true,"expansion_state":0,"options":{"engine":"r","label":"unnamed-chunk-34"},"document_id":"76D174A2","chunk_id":"ct0nbj6ws5dqa","chunk_label":"unnamed-chunk-12"},{"row":83,"row_count":1,"visible":true,"expansion_state":0,"options":{"engine":"r","label":"unnamed-chunk-35"},"document_id":"76D174A2","chunk_id":"cjhn1d2qvybh4","chunk_label":"unnamed-chunk-13"},{"row":88,"row_count":1,"visible":true,"expansion_state":0,"options":{"engine":"r","label":"unnamed-chunk-36"},"document_id":"76D174A2","chunk_id":"cr72sfu5216op","chunk_label":"unnamed-chunk-14"},{"row":92,"row_count":1,"visible":true,"expansion_state":0,"options":{"engine":"r","label":"unnamed-chunk-37"},"document_id":"76D174A2","chunk_id":"cxlmcv06zodas","chunk_label":"unnamed-chunk-15"},{"row":97,"row_count":1,"visible":true,"expansion_state":0,"options":{"engine":"r","label":"unnamed-chunk-38"},"document_id":"76D174A2","chunk_id":"cqewg7ac612ro","chunk_label":"unnamed-chunk-16"},{"row":103,"row_count":1,"visible":true,"expansion_state":0,"options":{"engine":"r","label":"unnamed-chunk-39"},"document_id":"76D174A2","chunk_id":"cu7na2o6izdkg","chunk_label":"unnamed-chunk-17"},{"row":110,"row_count":1,"visible":true,"expansion_state":0,"options":{"engine":"r","label":"unnamed-chunk-40"},"document_id":"76D174A2","chunk_id":"c73wzla4iiewd","chunk_label":"unnamed-chunk-18"},{"row":115,"row_count":1,"visible":true,"expansion_state":0,"options":{"engine":"r","label":"unnamed-chunk-41"},"document_id":"76D174A2","chunk_id":"cnn5fzrcqhqet","chunk_label":"unnamed-chunk-19"},{"row":124,"row_count":1,"visible":true,"expansion_state":0,"options":{"engine":"r","label":"unnamed-chunk-42"},"document_id":"76D174A2","chunk_id":"cfma084cpyz3a","chunk_label":"unnamed-chunk-20"},{"row":129,"row_count":1,"visible":true,"expansion_state":0,"options":{"engine":"r","label":"unnamed-chunk-43"},"document_id":"76D174A2","chunk_id":"cmu0vinst7q6g","chunk_label":"unnamed-chunk-21"},{"row":138,"row_count":1,"visible":true,"expansion_state":0,"options":{"engine":"r","label":"unnamed-chunk-44"},"document_id":"76D174A2","chunk_id":"cqaatfchye6fb","chunk_label":"unnamed-chunk-22"},{"row":145,"row_count":1,"visible":true,"expansion_state":0,"options":{"engine":"r","label":"unnamed-chunk-45"},"document_id":"76D174A2","chunk_id":"cq0ip96mq52eo","chunk_label":"unnamed-chunk-23"},{"row":151,"row_count":1,"visible":true,"expansion_state":0,"options":{"engine":"r","label":"unnamed-chunk-46"},"document_id":"76D174A2","chunk_id":"cqbwzg4fh35t1","chunk_label":"unnamed-chunk-24"},{"row":156,"row_count":1,"visible":true,"expansion_state":0,"options":{"engine":"r","label":"unnamed-chunk-47"},"document_id":"76D174A2","chunk_id":"ce10na0uuyg1q","chunk_label":"unnamed-chunk-25"},{"row":162,"row_count":1,"visible":true,"expansion_state":0,"options":{"engine":"r","label":"unnamed-chunk-48"},"document_id":"76D174A2","chunk_id":"c97d5ysscjria","chunk_label":"unnamed-chunk-26"}],"doc_write_time":1671522567,"chunk_rendered_width":400}