"0","#Lets write a function to get the average marginal effect"
"0",""
"0","meff_ordinal=function(mfx)"
"0","{m=0; T=length(mfx$dydx); N=strtoi(max(mfx$group))-strtoi(min(mfx$group))+1;"
"0","namess=mfx$term"
"0","tn=T/N"
"0","#print(tn)"
"0","#print(namess[1:tn])"
"0","d = matrix(mfx$dydx, nrow = T/N, byrow = FALSE)"
"0","for (j in 1:N)"
"0","{m=m+j*d[,j];}"
"0","m=data.frame(m)"
"0","row.names(m)=namess[1:tn]"
"0","return(m)}"
"0",""
"0",""
"0","m1=meff_ordinal(mfx1)"
"0","m2=meff_ordinal(mfx2)"
"0","print(m1)"
