{"chunk_definitions":[{"row":13,"row_count":1,"visible":true,"expansion_state":0,"options":{"engine":"r","label":"unnamed-chunk-9"},"document_id":"7A6316AB","chunk_id":"c0hnpoo17hu0h","chunk_label":"unnamed-chunk-1"},{"row":18,"row_count":1,"visible":true,"expansion_state":0,"options":{"engine":"r","label":"unnamed-chunk-16"},"document_id":"7A6316AB","chunk_id":"c461y7l8vfhmx","chunk_label":"unnamed-chunk-2"},{"row":24,"row_count":1,"visible":true,"expansion_state":0,"options":{"engine":"r","label":"unnamed-chunk-17"},"document_id":"7A6316AB","chunk_id":"cn5bbzhhr9u2q","chunk_label":"unnamed-chunk-3"},{"row":30,"row_count":1,"visible":true,"expansion_state":0,"options":{"engine":"r","label":"unnamed-chunk-19"},"document_id":"7A6316AB","chunk_id":"c6sw6ktz78zcf","chunk_label":"unnamed-chunk-4"},{"row":38,"row_count":1,"visible":true,"expansion_state":0,"options":{"engine":"r","label":"unnamed-chunk-23"},"document_id":"7A6316AB","chunk_id":"ccfck9uctlh0e","chunk_label":"unnamed-chunk-5"},{"row":43,"row_count":1,"visible":true,"expansion_state":0,"options":{"engine":"r","label":"unnamed-chunk-25"},"document_id":"7A6316AB","chunk_id":"c1nx6md547eom","chunk_label":"unnamed-chunk-6"},{"row":50,"row_count":1,"visible":true,"expansion_state":0,"options":{"engine":"r","label":"unnamed-chunk-30"},"document_id":"7A6316AB","chunk_id":"ceoq4h85id54e","chunk_label":"unnamed-chunk-7"},{"row":56,"row_count":1,"visible":true,"expansion_state":0,"options":{"engine":"r","label":"unnamed-chunk-34"},"document_id":"7A6316AB","chunk_id":"c9gc0mj5fwfzj","chunk_label":"unnamed-chunk-8"}],"doc_write_time":1671377427}