{"chunk_definitions":[{"row":10,"row_count":1,"visible":true,"expansion_state":0,"options":{"engine":"r","label":"unnamed-chunk-4"},"document_id":"46DD7E98","chunk_id":"cxieryisy0wft","chunk_label":"unnamed-chunk-1"},{"row":48,"row_count":1,"visible":true,"expansion_state":0,"options":{"engine":"r","label":"unnamed-chunk-10"},"document_id":"46DD7E98","chunk_id":"c9x8041fp5wpq","chunk_label":"unnamed-chunk-7"},{"row":52,"row_count":1,"visible":true,"expansion_state":0,"options":{"engine":"r","label":"unnamed-chunk-11"},"document_id":"46DD7E98","chunk_id":"cza5w7zom6cyu","chunk_label":"unnamed-chunk-8"},{"row":58,"row_count":1,"visible":true,"expansion_state":0,"options":{"engine":"r","label":"unnamed-chunk-12"},"document_id":"46DD7E98","chunk_id":"cs6p0qm7l17ty","chunk_label":"unnamed-chunk-9"},{"row":64,"row_count":1,"visible":true,"expansion_state":0,"options":{"engine":"r","label":"unnamed-chunk-13"},"document_id":"46DD7E98","chunk_id":"ctbvndjmrci7n","chunk_label":"unnamed-chunk-10"},{"row":16,"row_count":1,"visible":true,"expansion_state":0,"options":{"engine":"r","label":"unnamed-chunk-5"},"document_id":"46DD7E98","chunk_id":"cm2ef3p4ft2d5","chunk_label":"unnamed-chunk-2"},{"row":21,"row_count":1,"visible":true,"expansion_state":0,"options":{"engine":"r","label":"unnamed-chunk-6"},"document_id":"46DD7E98","chunk_id":"cmyfoi25ffm0b","chunk_label":"unnamed-chunk-3"},{"row":27,"row_count":1,"visible":true,"expansion_state":0,"options":{"engine":"r","label":"unnamed-chunk-7"},"document_id":"46DD7E98","chunk_id":"c490cwwqtznlg","chunk_label":"unnamed-chunk-4"},{"row":37,"row_count":1,"visible":true,"expansion_state":0,"options":{"engine":"r","label":"unnamed-chunk-8"},"document_id":"46DD7E98","chunk_id":"ct4tpxoondt20","chunk_label":"unnamed-chunk-5"},{"row":42,"row_count":1,"visible":true,"expansion_state":0,"options":{"engine":"r","label":"unnamed-chunk-9"},"document_id":"46DD7E98","chunk_id":"cu32zbda40ttv","chunk_label":"unnamed-chunk-6"}],"doc_write_time":1671377294,"chunk_rendered_width":663}