{"chunk_definitions":[{"row":10,"row_count":1,"visible":true,"expansion_state":0,"options":{"engine":"r","label":"unnamed-chunk-11"},"document_id":"C5C74681","chunk_id":"cjgi5fhnvwj08","chunk_label":"unnamed-chunk-1"},{"row":16,"row_count":1,"visible":true,"expansion_state":0,"options":{"engine":"r","label":"unnamed-chunk-12"},"document_id":"C5C74681","chunk_id":"chv11kdw4uxiw","chunk_label":"unnamed-chunk-2"},{"row":22,"row_count":1,"visible":true,"expansion_state":0,"options":{"engine":"r","label":"unnamed-chunk-13"},"document_id":"C5C74681","chunk_id":"ck8xevqpmhwqb","chunk_label":"unnamed-chunk-3"},{"row":28,"row_count":1,"visible":true,"expansion_state":0,"options":{"engine":"r","label":"unnamed-chunk-14"},"document_id":"C5C74681","chunk_id":"c2zhj4ee4q0pu","chunk_label":"unnamed-chunk-4"}],"doc_write_time":1671059961}