{"chunk_definitions":[{"row":9,"row_count":1,"visible":true,"expansion_state":0,"options":{"engine":"r","label":"unnamed-chunk-1"},"document_id":"3E6D3C51","chunk_id":"cugrrqatierce","chunk_label":"unnamed-chunk-1"},{"row":20,"row_count":1,"visible":true,"expansion_state":0,"options":{"engine":"r","label":"unnamed-chunk-2"},"document_id":"FB334817","chunk_id":"cffhco9j3r10y","chunk_label":"unnamed-chunk-2"},{"row":26,"row_count":1,"visible":true,"expansion_state":0,"options":{"engine":"r","label":"unnamed-chunk-3"},"document_id":"FB334817","chunk_id":"cn6k25j82s2fq","chunk_label":"unnamed-chunk-3"},{"row":32,"row_count":1,"visible":true,"expansion_state":0,"options":{"engine":"r","label":"unnamed-chunk-4"},"document_id":"FB334817","chunk_id":"c4lg2qitf5o25","chunk_label":"unnamed-chunk-4"},{"row":37,"row_count":1,"visible":true,"expansion_state":0,"options":{"engine":"r","label":"unnamed-chunk-5"},"document_id":"FB334817","chunk_id":"c8v0kfcvkbrnk","chunk_label":"unnamed-chunk-5"},{"row":43,"row_count":1,"visible":true,"expansion_state":0,"options":{"engine":"r","label":"unnamed-chunk-6"},"document_id":"3E6D3C51","chunk_id":"cvmlbc3m1yywe","chunk_label":"unnamed-chunk-6"},{"row":47,"row_count":1,"visible":true,"expansion_state":0,"options":{"engine":"r","label":"unnamed-chunk-7"},"document_id":"3E6D3C51","chunk_id":"clb9hu1bos5mm","chunk_label":"unnamed-chunk-7"},{"row":54,"row_count":1,"visible":true,"expansion_state":0,"options":{"engine":"r","label":"unnamed-chunk-8"},"document_id":"3E6D3C51","chunk_id":"cq5g4mijugwhe","chunk_label":"unnamed-chunk-8"},{"row":65,"row_count":1,"visible":true,"expansion_state":0,"options":{"engine":"r","label":"unnamed-chunk-9"},"document_id":"3E6D3C51","chunk_id":"cegu6ty9mjizb","chunk_label":"unnamed-chunk-9"}],"doc_write_time":1671697981,"chunk_rendered_width":400}