{"chunk_definitions":[{"row":11,"row_count":1,"visible":true,"expansion_state":0,"options":{"engine":"r","label":"unnamed-chunk-7"},"document_id":"DB8E2BB5","chunk_id":"cujlwac3mhf0c","chunk_label":"unnamed-chunk-1"},{"row":18,"row_count":1,"visible":true,"expansion_state":0,"options":{"engine":"r","label":"unnamed-chunk-8"},"document_id":"64B343C3","chunk_id":"c0mm5di81otgj","chunk_label":"unnamed-chunk-2"},{"row":24,"row_count":1,"visible":true,"expansion_state":0,"options":{"engine":"r","label":"unnamed-chunk-9"},"document_id":"64B343C3","chunk_id":"cwei5wbh1uo8s","chunk_label":"unnamed-chunk-3"},{"row":28,"row_count":1,"visible":true,"expansion_state":0,"options":{"engine":"r","label":"unnamed-chunk-10"},"document_id":"64B343C3","chunk_id":"c0jnxgltaxvs3","chunk_label":"unnamed-chunk-4"},{"row":35,"row_count":1,"visible":true,"expansion_state":0,"options":{"engine":"r","label":"unnamed-chunk-11"},"document_id":"DB8E2BB5","chunk_id":"cmxa6utwdehc5","chunk_label":"unnamed-chunk-5"},{"row":40,"row_count":1,"visible":true,"expansion_state":0,"options":{"engine":"r","label":"unnamed-chunk-12"},"document_id":"64B343C3","chunk_id":"czlucpj0sm2yz","chunk_label":"unnamed-chunk-6"},{"row":45,"row_count":1,"visible":true,"expansion_state":0,"options":{"engine":"r","label":"unnamed-chunk-13"},"document_id":"DB8E2BB5","chunk_id":"cy81v40n9n8ja","chunk_label":"unnamed-chunk-7"}],"doc_write_time":1671697995,"chunk_rendered_width":400}