{"chunk_definitions":[{"row":10,"row_count":1,"visible":true,"expansion_state":0,"options":{"engine":"r","label":"unnamed-chunk-1"},"document_id":"3E5B78B0","chunk_id":"cmgh9y9tekymd","chunk_label":"unnamed-chunk-1"},{"row":17,"row_count":1,"visible":true,"expansion_state":0,"options":{"engine":"r","label":"unnamed-chunk-2"},"document_id":"7A6316AB","chunk_id":"c0hnpoo17hu0h","chunk_label":"unnamed-chunk-2"},{"row":23,"row_count":1,"visible":true,"expansion_state":0,"options":{"engine":"r","label":"unnamed-chunk-3"},"document_id":"3E5B78B0","chunk_id":"czylke5vq3g6q","chunk_label":"unnamed-chunk-3"},{"row":29,"row_count":1,"visible":true,"expansion_state":0,"options":{"engine":"r","label":"unnamed-chunk-4"},"document_id":"7A6316AB","chunk_id":"c461y7l8vfhmx","chunk_label":"unnamed-chunk-4"},{"row":35,"row_count":1,"visible":true,"expansion_state":0,"options":{"engine":"r","label":"unnamed-chunk-5"},"document_id":"7A6316AB","chunk_id":"cn5bbzhhr9u2q","chunk_label":"unnamed-chunk-5"},{"row":41,"row_count":1,"visible":true,"expansion_state":0,"options":{"engine":"r","label":"unnamed-chunk-6"},"document_id":"7A6316AB","chunk_id":"c6sw6ktz78zcf","chunk_label":"unnamed-chunk-6"},{"row":48,"row_count":1,"visible":true,"expansion_state":0,"options":{"engine":"r","label":"unnamed-chunk-7"},"document_id":"7A6316AB","chunk_id":"ccfck9uctlh0e","chunk_label":"unnamed-chunk-7"},{"row":53,"row_count":1,"visible":true,"expansion_state":0,"options":{"engine":"r","label":"unnamed-chunk-8"},"document_id":"7A6316AB","chunk_id":"c1nx6md547eom","chunk_label":"unnamed-chunk-8"},{"row":60,"row_count":1,"visible":true,"expansion_state":0,"options":{"engine":"r","label":"unnamed-chunk-9"},"document_id":"7A6316AB","chunk_id":"ceoq4h85id54e","chunk_label":"unnamed-chunk-9"},{"row":66,"row_count":1,"visible":true,"expansion_state":0,"options":{"engine":"r","label":"unnamed-chunk-10"},"document_id":"7A6316AB","chunk_id":"c9gc0mj5fwfzj","chunk_label":"unnamed-chunk-10"}],"doc_write_time":1671700511}