{"chunk_definitions":[{"row":13,"row_count":1,"visible":true,"expansion_state":0,"options":{"engine":"r","label":"unnamed-chunk-2"},"document_id":"F96DF482","chunk_id":"cfsaox7pkobf5","chunk_label":"unnamed-chunk-1"},{"row":19,"row_count":1,"visible":true,"expansion_state":0,"options":{"engine":"r","label":"unnamed-chunk-3"},"document_id":"F96DF482","chunk_id":"cahqci695unbk","chunk_label":"unnamed-chunk-2"},{"row":26,"row_count":1,"visible":true,"expansion_state":0,"options":{"engine":"r","label":"unnamed-chunk-4"},"document_id":"F96DF482","chunk_id":"cp5rgh0uf0qo1","chunk_label":"unnamed-chunk-3"},{"row":32,"row_count":1,"visible":true,"expansion_state":0,"options":{"engine":"r","label":"unnamed-chunk-5"},"document_id":"F96DF482","chunk_id":"cswwtz545vb2r","chunk_label":"unnamed-chunk-4"},{"row":39,"row_count":1,"visible":true,"expansion_state":0,"options":{"engine":"r","label":"unnamed-chunk-6"},"document_id":"F96DF482","chunk_id":"cxih9uuj9dfvj","chunk_label":"unnamed-chunk-5"},{"row":46,"row_count":1,"visible":true,"expansion_state":0,"options":{"engine":"r","label":"unnamed-chunk-7"},"document_id":"F96DF482","chunk_id":"ctxis1bvh5d05","chunk_label":"unnamed-chunk-6"},{"row":51,"row_count":1,"visible":true,"expansion_state":0,"options":{"engine":"r","label":"unnamed-chunk-8"},"document_id":"F96DF482","chunk_id":"c4s08flxw4aoz","chunk_label":"unnamed-chunk-7"},{"row":56,"row_count":1,"visible":true,"expansion_state":0,"options":{"engine":"r","label":"unnamed-chunk-9"},"document_id":"F96DF482","chunk_id":"cofs1ay7ueg0q","chunk_label":"unnamed-chunk-8"},{"row":61,"row_count":1,"visible":true,"expansion_state":0,"options":{"engine":"r","label":"unnamed-chunk-10"},"document_id":"F96DF482","chunk_id":"cb489f5e1ni1x","chunk_label":"unnamed-chunk-9"},{"row":66,"row_count":1,"visible":true,"expansion_state":0,"options":{"engine":"r","label":"unnamed-chunk-11"},"document_id":"F96DF482","chunk_id":"camy1mw4cwzfc","chunk_label":"unnamed-chunk-10"},{"row":82,"row_count":1,"visible":true,"expansion_state":0,"options":{"engine":"r","label":"unnamed-chunk-12"},"document_id":"F96DF482","chunk_id":"c1cbs9otcp97f","chunk_label":"unnamed-chunk-11"},{"row":90,"row_count":1,"visible":true,"expansion_state":0,"options":{"engine":"r","label":"unnamed-chunk-13"},"document_id":"F96DF482","chunk_id":"cuie4dvlscgdh","chunk_label":"unnamed-chunk-12"},{"row":95,"row_count":1,"visible":true,"expansion_state":0,"options":{"engine":"r","label":"unnamed-chunk-14"},"document_id":"F96DF482","chunk_id":"ca7nqxpb4xcpm","chunk_label":"unnamed-chunk-13"},{"row":102,"row_count":1,"visible":true,"expansion_state":0,"options":{"engine":"r","label":"unnamed-chunk-15"},"document_id":"F96DF482","chunk_id":"ciucvsl6s79fv","chunk_label":"unnamed-chunk-14"},{"row":111,"row_count":1,"visible":true,"expansion_state":0,"options":{"engine":"r","label":"unnamed-chunk-16"},"document_id":"F96DF482","chunk_id":"cssk125uhwms4","chunk_label":"unnamed-chunk-15"},{"row":117,"row_count":1,"visible":true,"expansion_state":0,"options":{"engine":"r","label":"unnamed-chunk-17"},"document_id":"F96DF482","chunk_id":"ch6gtdimcmqwx","chunk_label":"unnamed-chunk-16"},{"row":123,"row_count":1,"visible":true,"expansion_state":0,"options":{"engine":"r","label":"unnamed-chunk-18"},"document_id":"F96DF482","chunk_id":"c1hrfktf0grxs","chunk_label":"unnamed-chunk-17"},{"row":128,"row_count":1,"visible":true,"expansion_state":0,"options":{"engine":"r","label":"unnamed-chunk-19"},"document_id":"F96DF482","chunk_id":"c6mm1wlc8uh13","chunk_label":"unnamed-chunk-18"},{"row":134,"row_count":1,"visible":true,"expansion_state":0,"options":{"engine":"r","label":"unnamed-chunk-20"},"document_id":"F96DF482","chunk_id":"cciwv5fdpoax9","chunk_label":"unnamed-chunk-19"},{"row":142,"row_count":1,"visible":true,"expansion_state":0,"options":{"engine":"r","label":"unnamed-chunk-41"},"document_id":"F96DF482","chunk_id":"cr34jw34v1pee","chunk_label":"unnamed-chunk-20"},{"row":150,"row_count":1,"visible":true,"expansion_state":0,"options":{"engine":"r","label":"unnamed-chunk-42"},"document_id":"F96DF482","chunk_id":"cf67ezm1233nf","chunk_label":"unnamed-chunk-21"},{"row":160,"row_count":1,"visible":true,"expansion_state":0,"options":{"engine":"r","label":"unnamed-chunk-43"},"document_id":"F96DF482","chunk_id":"c165sryvvwpxe","chunk_label":"unnamed-chunk-22"},{"row":173,"row_count":1,"visible":true,"expansion_state":0,"options":{"engine":"r","label":"unnamed-chunk-74"},"document_id":"F96DF482","chunk_id":"c4ouamtz2lbhd","chunk_label":"unnamed-chunk-23"},{"row":179,"row_count":1,"visible":true,"expansion_state":0,"options":{"engine":"r","label":"unnamed-chunk-77"},"document_id":"F96DF482","chunk_id":"cte2f2wmkm6y2","chunk_label":"unnamed-chunk-24"},{"row":187,"row_count":1,"visible":true,"expansion_state":0,"options":{"engine":"r","label":"unnamed-chunk-95"},"document_id":"F96DF482","chunk_id":"cleyb2dx9t75n","chunk_label":"unnamed-chunk-25"},{"row":197,"row_count":1,"visible":true,"expansion_state":0,"options":{"engine":"r","label":"unnamed-chunk-106"},"document_id":"F96DF482","chunk_id":"c2onk3r1d3zgf","chunk_label":"unnamed-chunk-26"},{"row":201,"row_count":1,"visible":true,"expansion_state":0,"options":{"engine":"r","label":"unnamed-chunk-91"},"document_id":"F96DF482","chunk_id":"citrlhpm3h78j","chunk_label":"unnamed-chunk-27"}],"doc_write_time":1672826487}