{"chunk_definitions":[{"row":7,"row_count":1,"visible":true,"expansion_state":0,"options":{"engine":"r","label":"unnamed-chunk-1"},"document_id":"95AC97CE","chunk_id":"cof4hyrg4diq5","chunk_label":"unnamed-chunk-1"},{"row":13,"row_count":1,"visible":true,"expansion_state":0,"options":{"engine":"r","label":"unnamed-chunk-2"},"document_id":"04881E43","chunk_id":"cer3hgbk75r8p","chunk_label":"unnamed-chunk-2"},{"row":20,"row_count":1,"visible":true,"expansion_state":0,"options":{"engine":"r","label":"unnamed-chunk-3"},"document_id":"95AC97CE","chunk_id":"c9gicp2j16il6","chunk_label":"unnamed-chunk-3"},{"row":24,"row_count":1,"visible":true,"expansion_state":0,"options":{"engine":"r","label":"unnamed-chunk-4"},"document_id":"95AC97CE","chunk_id":"c5ar7vjbznk9b","chunk_label":"unnamed-chunk-4"},{"row":29,"row_count":1,"visible":true,"expansion_state":0,"options":{"engine":"r","label":"unnamed-chunk-5"},"document_id":"95AC97CE","chunk_id":"cbmtuesobvyhl","chunk_label":"unnamed-chunk-5"},{"row":34,"row_count":1,"visible":true,"expansion_state":0,"options":{"engine":"r","label":"unnamed-chunk-6"},"document_id":"95AC97CE","chunk_id":"ctuam1y8cmiy5","chunk_label":"unnamed-chunk-6"},{"row":39,"row_count":1,"visible":true,"expansion_state":0,"options":{"engine":"r","label":"unnamed-chunk-7"},"document_id":"95AC97CE","chunk_id":"c7z42v858hhp8","chunk_label":"unnamed-chunk-7"},{"row":44,"row_count":1,"visible":true,"expansion_state":0,"options":{"engine":"r","label":"unnamed-chunk-8"},"document_id":"95AC97CE","chunk_id":"cfuo8x30ft77k","chunk_label":"unnamed-chunk-8"},{"row":48,"row_count":1,"visible":true,"expansion_state":0,"options":{"engine":"r","label":"unnamed-chunk-9"},"document_id":"95AC97CE","chunk_id":"ch9cqc6dm5gsh","chunk_label":"unnamed-chunk-9"},{"row":52,"row_count":1,"visible":true,"expansion_state":0,"options":{"engine":"r","label":"unnamed-chunk-10"},"document_id":"95AC97CE","chunk_id":"cf32rocu7afux","chunk_label":"unnamed-chunk-10"},{"row":56,"row_count":1,"visible":true,"expansion_state":0,"options":{"engine":"r","label":"unnamed-chunk-11"},"document_id":"95AC97CE","chunk_id":"crvg1vaq5re6q","chunk_label":"unnamed-chunk-11"},{"row":60,"row_count":1,"visible":true,"expansion_state":0,"options":{"engine":"r","label":"unnamed-chunk-12"},"document_id":"95AC97CE","chunk_id":"cdm8q98te37rs","chunk_label":"unnamed-chunk-12"},{"row":64,"row_count":1,"visible":true,"expansion_state":0,"options":{"engine":"r","label":"unnamed-chunk-13"},"document_id":"95AC97CE","chunk_id":"csjz7z0usu2a2","chunk_label":"unnamed-chunk-13"},{"row":74,"row_count":1,"visible":true,"expansion_state":0,"options":{"engine":"r","label":"unnamed-chunk-14"},"document_id":"04881E43","chunk_id":"c8zz9fuyac7vw","chunk_label":"unnamed-chunk-14"},{"row":81,"row_count":1,"visible":true,"expansion_state":0,"options":{"engine":"r","label":"unnamed-chunk-15"},"document_id":"04881E43","chunk_id":"cvc4tv31ri6gg","chunk_label":"unnamed-chunk-15"},{"row":87,"row_count":1,"visible":true,"expansion_state":0,"options":{"engine":"r","label":"unnamed-chunk-16"},"document_id":"95AC97CE","chunk_id":"csfsjntrg28ko","chunk_label":"unnamed-chunk-16"},{"row":92,"row_count":1,"visible":true,"expansion_state":0,"options":{"engine":"r","label":"unnamed-chunk-17"},"document_id":"95AC97CE","chunk_id":"cstqud2tbffbe","chunk_label":"unnamed-chunk-17"}],"doc_write_time":1671699096}