{"chunk_definitions":[{"row":7,"row_count":1,"visible":true,"expansion_state":0,"options":{"engine":"r","label":"unnamed-chunk-15"},"document_id":"DEEC7C00","chunk_id":"cocvs0j0k1own","chunk_label":"unnamed-chunk-1"},{"row":23,"row_count":1,"visible":true,"expansion_state":0,"options":{"engine":"r","label":"unnamed-chunk-17"},"document_id":"DEEC7C00","chunk_id":"cfhu5yq4gtn1b","chunk_label":"unnamed-chunk-2"},{"row":39,"row_count":1,"visible":true,"expansion_state":0,"options":{"engine":"r","label":"unnamed-chunk-3"},"document_id":"75BD6A7F","chunk_id":"cpb3att8zfo6m","chunk_label":"unnamed-chunk-3"},{"row":45,"row_count":1,"visible":true,"expansion_state":0,"options":{"engine":"r","label":"unnamed-chunk-4"},"document_id":"75BD6A7F","chunk_id":"cvh23mp51xzk2","chunk_label":"unnamed-chunk-4"},{"row":51,"row_count":1,"visible":true,"expansion_state":0,"options":{"engine":"r","label":"unnamed-chunk-5"},"document_id":"75BD6A7F","chunk_id":"chhmd1qdfd0zp","chunk_label":"unnamed-chunk-5"},{"row":58,"row_count":1,"visible":true,"expansion_state":0,"options":{"engine":"r","label":"unnamed-chunk-6"},"document_id":"75BD6A7F","chunk_id":"c3uqxh63f5osg","chunk_label":"unnamed-chunk-6"},{"row":68,"row_count":1,"visible":true,"expansion_state":0,"options":{"engine":"r","label":"unnamed-chunk-7"},"document_id":"75BD6A7F","chunk_id":"c7iuyn9pd0xjm","chunk_label":"unnamed-chunk-7"},{"row":74,"row_count":1,"visible":true,"expansion_state":0,"options":{"engine":"r","label":"unnamed-chunk-8"},"document_id":"75BD6A7F","chunk_id":"c9m37f7km3trk","chunk_label":"unnamed-chunk-8"},{"row":79,"row_count":1,"visible":true,"expansion_state":0,"options":{"engine":"r","label":"unnamed-chunk-9"},"document_id":"75BD6A7F","chunk_id":"cn1p2jr3nhmaq","chunk_label":"unnamed-chunk-9"},{"row":83,"row_count":1,"visible":true,"expansion_state":0,"options":{"engine":"r","label":"unnamed-chunk-10"},"document_id":"75BD6A7F","chunk_id":"cio3gkn4l6lno","chunk_label":"unnamed-chunk-10"},{"row":90,"row_count":1,"visible":true,"expansion_state":0,"options":{"engine":"r","label":"unnamed-chunk-11"},"document_id":"75BD6A7F","chunk_id":"c8h4pfh6i7r35","chunk_label":"unnamed-chunk-11"},{"row":97,"row_count":1,"visible":true,"expansion_state":0,"options":{"engine":"r","label":"unnamed-chunk-12"},"document_id":"75BD6A7F","chunk_id":"c1nh8l4c2uzac","chunk_label":"unnamed-chunk-12"}],"doc_write_time":1673016731}