{"chunk_definitions":[{"row":17,"row_count":1,"visible":true,"expansion_state":0,"options":{"engine":"r","label":"unnamed-chunk-1"},"document_id":"0803BB39","chunk_id":"chy7ukli2kc8q","chunk_label":"unnamed-chunk-1"},{"row":24,"row_count":1,"visible":true,"expansion_state":0,"options":{"engine":"r","label":"unnamed-chunk-2"},"document_id":"0803BB39","chunk_id":"c6mc34ra7mqga","chunk_label":"unnamed-chunk-2"},{"row":29,"row_count":1,"visible":true,"expansion_state":0,"options":{"engine":"r","label":"unnamed-chunk-3"},"document_id":"0803BB39","chunk_id":"chn63hrr5ub7y","chunk_label":"unnamed-chunk-3"},{"row":36,"row_count":1,"visible":true,"expansion_state":0,"options":{"engine":"r","label":"unnamed-chunk-4"},"document_id":"0803BB39","chunk_id":"cep215yiohkr9","chunk_label":"unnamed-chunk-4"},{"row":43,"row_count":1,"visible":true,"expansion_state":0,"options":{"engine":"r","label":"unnamed-chunk-5"},"document_id":"0803BB39","chunk_id":"cpit0nshf1fgs","chunk_label":"unnamed-chunk-5"},{"row":50,"row_count":1,"visible":true,"expansion_state":0,"options":{"engine":"r","label":"unnamed-chunk-6"},"document_id":"0803BB39","chunk_id":"c1e24f02w2c3t","chunk_label":"unnamed-chunk-6"},{"row":56,"row_count":1,"visible":true,"expansion_state":0,"options":{"engine":"r","label":"unnamed-chunk-7"},"document_id":"0803BB39","chunk_id":"cilv2qpm9st80","chunk_label":"unnamed-chunk-7"},{"row":62,"row_count":1,"visible":true,"expansion_state":0,"options":{"engine":"r","label":"unnamed-chunk-8"},"document_id":"0803BB39","chunk_id":"csecacdggj1i2","chunk_label":"unnamed-chunk-8"},{"row":69,"row_count":1,"visible":true,"expansion_state":0,"options":{"engine":"r","label":"unnamed-chunk-9"},"document_id":"0803BB39","chunk_id":"cvaepw6jfwvgk","chunk_label":"unnamed-chunk-9"},{"row":76,"row_count":1,"visible":true,"expansion_state":0,"options":{"engine":"r","label":"unnamed-chunk-10"},"document_id":"0803BB39","chunk_id":"cdd4hz5r63l2c","chunk_label":"unnamed-chunk-10"},{"row":80,"row_count":1,"visible":true,"expansion_state":0,"options":{"engine":"r","label":"unnamed-chunk-55"},"document_id":"0803BB39","chunk_id":"cw44vmfw8fymz","chunk_label":"unnamed-chunk-11"}],"doc_write_time":1672494061}