{"chunk_definitions":[{"row":7,"row_count":1,"visible":true,"expansion_state":0,"options":{"engine":"r","label":"unnamed-chunk-1"},"document_id":"79036FC1","chunk_id":"che1wkfjfg4ax","chunk_label":"unnamed-chunk-1"},{"row":16,"row_count":1,"visible":true,"expansion_state":0,"options":{"engine":"r","label":"unnamed-chunk-2"},"document_id":"79036FC1","chunk_id":"celog7zka6ez4","chunk_label":"unnamed-chunk-2"},{"row":24,"row_count":1,"visible":true,"expansion_state":0,"options":{"engine":"r","label":"unnamed-chunk-3"},"document_id":"79036FC1","chunk_id":"cn3ez6d9vpt01","chunk_label":"unnamed-chunk-3"},{"row":31,"row_count":1,"visible":true,"expansion_state":0,"options":{"engine":"r","label":"unnamed-chunk-4"},"document_id":"79036FC1","chunk_id":"cyfxobl2jao6l","chunk_label":"unnamed-chunk-4"},{"row":48,"row_count":1,"visible":true,"expansion_state":0,"options":{"engine":"r","label":"unnamed-chunk-5"},"document_id":"79036FC1","chunk_id":"ck3tpnz883iyl","chunk_label":"unnamed-chunk-5"},{"row":61,"row_count":1,"visible":true,"expansion_state":0,"options":{"engine":"r","label":"unnamed-chunk-6"},"document_id":"79036FC1","chunk_id":"calmq9g5coupo","chunk_label":"unnamed-chunk-6"},{"row":69,"row_count":1,"visible":true,"expansion_state":0,"options":{"engine":"r","label":"unnamed-chunk-7"},"document_id":"79036FC1","chunk_id":"c7unre4m585m0","chunk_label":"unnamed-chunk-7"},{"row":75,"row_count":1,"visible":true,"expansion_state":0,"options":{"engine":"r","label":"unnamed-chunk-8"},"document_id":"79036FC1","chunk_id":"cujkwoc7pswoe","chunk_label":"unnamed-chunk-8"},{"row":80,"row_count":1,"visible":true,"expansion_state":0,"options":{"engine":"r","label":"unnamed-chunk-9"},"document_id":"79036FC1","chunk_id":"ci989tzmkod36","chunk_label":"unnamed-chunk-9"},{"row":85,"row_count":1,"visible":true,"expansion_state":0,"options":{"engine":"r","label":"unnamed-chunk-10"},"document_id":"79036FC1","chunk_id":"cwdf003i7ro4r","chunk_label":"unnamed-chunk-10"},{"row":92,"row_count":1,"visible":true,"expansion_state":0,"options":{"engine":"r","label":"unnamed-chunk-11"},"document_id":"79036FC1","chunk_id":"cjxrewb0e9o6j","chunk_label":"unnamed-chunk-11"},{"row":98,"row_count":1,"visible":true,"expansion_state":0,"options":{"engine":"r","label":"unnamed-chunk-12"},"document_id":"79036FC1","chunk_id":"c788x0m88sh1h","chunk_label":"unnamed-chunk-12"},{"row":104,"row_count":1,"visible":true,"expansion_state":0,"options":{"engine":"r","label":"unnamed-chunk-13"},"document_id":"79036FC1","chunk_id":"c00k2tk79hew2","chunk_label":"unnamed-chunk-13"},{"row":119,"row_count":1,"visible":true,"expansion_state":0,"options":{"engine":"r","label":"unnamed-chunk-14"},"document_id":"79036FC1","chunk_id":"c56uvexramcj5","chunk_label":"unnamed-chunk-14"},{"row":128,"row_count":1,"visible":true,"expansion_state":0,"options":{"engine":"r","label":"unnamed-chunk-15"},"document_id":"79036FC1","chunk_id":"cqgk58dn332vi","chunk_label":"unnamed-chunk-15"},{"row":134,"row_count":1,"visible":true,"expansion_state":0,"options":{"engine":"r","label":"unnamed-chunk-16"},"document_id":"79036FC1","chunk_id":"cq0owjyxpsppe","chunk_label":"unnamed-chunk-16"}],"doc_write_time":1672762147,"chunk_rendered_width":400}