{"chunk_definitions":[{"row":9,"row_count":1,"visible":true,"expansion_state":0,"options":{"engine":"r","label":"unnamed-chunk-52"},"document_id":"A6DC54AF","chunk_id":"cp17dptbulohm","chunk_label":"unnamed-chunk-1"},{"row":19,"row_count":1,"visible":true,"expansion_state":0,"options":{"engine":"r","label":"unnamed-chunk-53"},"document_id":"F96DF482","chunk_id":"cfsaox7pkobf5","chunk_label":"unnamed-chunk-2"},{"row":25,"row_count":1,"visible":true,"expansion_state":0,"options":{"engine":"r","label":"unnamed-chunk-54"},"document_id":"F96DF482","chunk_id":"cahqci695unbk","chunk_label":"unnamed-chunk-3"},{"row":32,"row_count":1,"visible":true,"expansion_state":0,"options":{"engine":"r","label":"unnamed-chunk-55"},"document_id":"F96DF482","chunk_id":"cp5rgh0uf0qo1","chunk_label":"unnamed-chunk-4"},{"row":38,"row_count":1,"visible":true,"expansion_state":0,"options":{"engine":"r","label":"unnamed-chunk-56"},"document_id":"F96DF482","chunk_id":"cswwtz545vb2r","chunk_label":"unnamed-chunk-5"},{"row":45,"row_count":1,"visible":true,"expansion_state":0,"options":{"engine":"r","label":"unnamed-chunk-57"},"document_id":"F96DF482","chunk_id":"cxih9uuj9dfvj","chunk_label":"unnamed-chunk-6"},{"row":52,"row_count":1,"visible":true,"expansion_state":0,"options":{"engine":"r","label":"unnamed-chunk-58"},"document_id":"F96DF482","chunk_id":"ctxis1bvh5d05","chunk_label":"unnamed-chunk-7"},{"row":57,"row_count":1,"visible":true,"expansion_state":0,"options":{"engine":"r","label":"unnamed-chunk-59"},"document_id":"F96DF482","chunk_id":"c4s08flxw4aoz","chunk_label":"unnamed-chunk-8"},{"row":62,"row_count":1,"visible":true,"expansion_state":0,"options":{"engine":"r","label":"unnamed-chunk-60"},"document_id":"F96DF482","chunk_id":"cofs1ay7ueg0q","chunk_label":"unnamed-chunk-9"},{"row":67,"row_count":1,"visible":true,"expansion_state":0,"options":{"engine":"r","label":"unnamed-chunk-61"},"document_id":"F96DF482","chunk_id":"cb489f5e1ni1x","chunk_label":"unnamed-chunk-10"},{"row":72,"row_count":1,"visible":true,"expansion_state":0,"options":{"engine":"r","label":"unnamed-chunk-62"},"document_id":"F96DF482","chunk_id":"camy1mw4cwzfc","chunk_label":"unnamed-chunk-11"},{"row":88,"row_count":1,"visible":true,"expansion_state":0,"options":{"engine":"r","label":"unnamed-chunk-63"},"document_id":"F96DF482","chunk_id":"c1cbs9otcp97f","chunk_label":"unnamed-chunk-12"},{"row":96,"row_count":1,"visible":true,"expansion_state":0,"options":{"engine":"r","label":"unnamed-chunk-64"},"document_id":"F96DF482","chunk_id":"cuie4dvlscgdh","chunk_label":"unnamed-chunk-13"},{"row":101,"row_count":1,"visible":true,"expansion_state":0,"options":{"engine":"r","label":"unnamed-chunk-65"},"document_id":"F96DF482","chunk_id":"ca7nqxpb4xcpm","chunk_label":"unnamed-chunk-14"},{"row":108,"row_count":1,"visible":true,"expansion_state":0,"options":{"engine":"r","label":"unnamed-chunk-66"},"document_id":"F96DF482","chunk_id":"ciucvsl6s79fv","chunk_label":"unnamed-chunk-15"},{"row":117,"row_count":1,"visible":true,"expansion_state":0,"options":{"engine":"r","label":"unnamed-chunk-67"},"document_id":"F96DF482","chunk_id":"cssk125uhwms4","chunk_label":"unnamed-chunk-16"},{"row":123,"row_count":1,"visible":true,"expansion_state":0,"options":{"engine":"r","label":"unnamed-chunk-68"},"document_id":"F96DF482","chunk_id":"ch6gtdimcmqwx","chunk_label":"unnamed-chunk-17"},{"row":129,"row_count":1,"visible":true,"expansion_state":0,"options":{"engine":"r","label":"unnamed-chunk-69"},"document_id":"F96DF482","chunk_id":"c1hrfktf0grxs","chunk_label":"unnamed-chunk-18"},{"row":134,"row_count":1,"visible":true,"expansion_state":0,"options":{"engine":"r","label":"unnamed-chunk-70"},"document_id":"F96DF482","chunk_id":"c6mm1wlc8uh13","chunk_label":"unnamed-chunk-19"},{"row":140,"row_count":1,"visible":true,"expansion_state":0,"options":{"engine":"r","label":"unnamed-chunk-71"},"document_id":"F96DF482","chunk_id":"cciwv5fdpoax9","chunk_label":"unnamed-chunk-20"},{"row":148,"row_count":1,"visible":true,"expansion_state":0,"options":{"engine":"r","label":"unnamed-chunk-72"},"document_id":"F96DF482","chunk_id":"cr34jw34v1pee","chunk_label":"unnamed-chunk-21"},{"row":156,"row_count":1,"visible":true,"expansion_state":0,"options":{"engine":"r","label":"unnamed-chunk-73"},"document_id":"A6DC54AF","chunk_id":"c2nx9dn80mbfv","chunk_label":"unnamed-chunk-22"},{"row":166,"row_count":1,"visible":true,"expansion_state":0,"options":{"engine":"r","label":"unnamed-chunk-74"},"document_id":"F96DF482","chunk_id":"cf67ezm1233nf","chunk_label":"unnamed-chunk-23"},{"row":170,"row_count":1,"visible":true,"expansion_state":0,"options":{"engine":"r","label":"unnamed-chunk-75"},"document_id":"A6DC54AF","chunk_id":"cbx01kzmd1jd4","chunk_label":"unnamed-chunk-24"},{"row":179,"row_count":1,"visible":true,"expansion_state":0,"options":{"engine":"r","label":"unnamed-chunk-77"},"document_id":"F96DF482","chunk_id":"cte2f2wmkm6y2","chunk_label":"unnamed-chunk-25"},{"row":183,"row_count":1,"visible":true,"expansion_state":0,"options":{"engine":"r","label":"unnamed-chunk-76"},"document_id":"F96DF482","chunk_id":"c165sryvvwpxe","chunk_label":"unnamed-chunk-25"},{"row":189,"row_count":1,"visible":true,"expansion_state":0,"options":{"engine":"r","label":"unnamed-chunk-77"},"document_id":"F96DF482","chunk_id":"c4ouamtz2lbhd","chunk_label":"unnamed-chunk-26"},{"row":197,"row_count":1,"visible":true,"expansion_state":0,"options":{"engine":"r","label":"unnamed-chunk-78"},"document_id":"F96DF482","chunk_id":"cleyb2dx9t75n","chunk_label":"unnamed-chunk-27"},{"row":207,"row_count":1,"visible":true,"expansion_state":0,"options":{"engine":"r","label":"unnamed-chunk-79"},"document_id":"F96DF482","chunk_id":"c2onk3r1d3zgf","chunk_label":"unnamed-chunk-28"},{"row":211,"row_count":1,"visible":true,"expansion_state":0,"options":{"engine":"r","label":"unnamed-chunk-91"},"document_id":"F96DF482","chunk_id":"citrlhpm3h78j","chunk_label":"unnamed-chunk-29"}],"doc_write_time":1672826487,"chunk_rendered_width":400}