{"chunk_definitions":[{"row":7,"row_count":1,"visible":true,"expansion_state":0,"options":{"engine":"r","label":"unnamed-chunk-11"},"document_id":"59A62234","chunk_id":"cbcv0vi2pwkm5","chunk_label":"unnamed-chunk-1"},{"row":18,"row_count":1,"visible":true,"expansion_state":0,"options":{"engine":"r","label":"unnamed-chunk-12"},"document_id":"59A62234","chunk_id":"cjvcrn5f0f2b5","chunk_label":"unnamed-chunk-2"},{"row":37,"row_count":1,"visible":true,"expansion_state":0,"options":{"engine":"r","label":"unnamed-chunk-13"},"document_id":"71DC1C3A","chunk_id":"ckbykotqikwhl","chunk_label":"unnamed-chunk-3"},{"row":43,"row_count":1,"visible":true,"expansion_state":0,"options":{"engine":"r","label":"unnamed-chunk-14"},"document_id":"71DC1C3A","chunk_id":"c3ikndsm1gh00","chunk_label":"unnamed-chunk-4"},{"row":49,"row_count":1,"visible":true,"expansion_state":0,"options":{"engine":"r","label":"unnamed-chunk-15"},"document_id":"71DC1C3A","chunk_id":"cbbjnmu5r97cz","chunk_label":"unnamed-chunk-5"},{"row":54,"row_count":1,"visible":true,"expansion_state":0,"options":{"engine":"r","label":"unnamed-chunk-16"},"document_id":"71DC1C3A","chunk_id":"cdotkvz4pwyg7","chunk_label":"unnamed-chunk-6"},{"row":62,"row_count":1,"visible":true,"expansion_state":0,"options":{"engine":"r","label":"unnamed-chunk-17"},"document_id":"71DC1C3A","chunk_id":"c1ayk9v02ubgu","chunk_label":"unnamed-chunk-7"},{"row":67,"row_count":1,"visible":true,"expansion_state":0,"options":{"engine":"r","label":"unnamed-chunk-18"},"document_id":"71DC1C3A","chunk_id":"cmeh7hc5mck11","chunk_label":"unnamed-chunk-8"},{"row":72,"row_count":1,"visible":true,"expansion_state":0,"options":{"engine":"r","label":"unnamed-chunk-19"},"document_id":"71DC1C3A","chunk_id":"csv1mxqnez5dl","chunk_label":"unnamed-chunk-9"},{"row":77,"row_count":1,"visible":true,"expansion_state":0,"options":{"engine":"r","label":"unnamed-chunk-20"},"document_id":"71DC1C3A","chunk_id":"cjyp0fmgrd0uf","chunk_label":"unnamed-chunk-10"}],"doc_write_time":1672754124,"chunk_rendered_width":400}