{"chunk_definitions":[{"row":9,"row_count":1,"visible":true,"expansion_state":0,"options":{"engine":"r","label":"unnamed-chunk-1"},"document_id":"64B343C3","chunk_id":"c0mm5di81otgj","chunk_label":"unnamed-chunk-1"},{"row":19,"row_count":1,"visible":true,"expansion_state":0,"options":{"engine":"r","label":"unnamed-chunk-1"},"document_id":"64B343C3","chunk_id":"c78nzd0cz7cqt","chunk_label":"unnamed-chunk-2"},{"row":25,"row_count":1,"visible":true,"expansion_state":0,"options":{"engine":"r","label":"unnamed-chunk-2"},"document_id":"64B343C3","chunk_id":"cwei5wbh1uo8s","chunk_label":"unnamed-chunk-3"},{"row":29,"row_count":1,"visible":true,"expansion_state":0,"options":{"engine":"r","label":"unnamed-chunk-3"},"document_id":"64B343C3","chunk_id":"c0jnxgltaxvs3","chunk_label":"unnamed-chunk-4"},{"row":34,"row_count":1,"visible":true,"expansion_state":0,"options":{"engine":"r","label":"unnamed-chunk-6"},"document_id":"64B343C3","chunk_id":"czlucpj0sm2yz","chunk_label":"unnamed-chunk-5"},{"row":37,"row_count":1,"visible":true,"expansion_state":0,"options":{"engine":"r","label":"unnamed-chunk-8"},"document_id":"64B343C3","chunk_id":"cbnh6ougxl7ji","chunk_label":"unnamed-chunk-6"},{"row":43,"row_count":1,"visible":true,"expansion_state":0,"options":{"engine":"r","label":"unnamed-chunk-40"},"document_id":"64B343C3","chunk_id":"co0cb1s0pht9r","chunk_label":"unnamed-chunk-7"}],"doc_write_time":1671016900}