{"chunk_definitions":[{"row":7,"row_count":1,"visible":true,"expansion_state":0,"options":{"engine":"r","label":"unnamed-chunk-15"},"document_id":"880187C9","chunk_id":"c05ptysy4zt1r","chunk_label":"unnamed-chunk-1"},{"row":21,"row_count":1,"visible":true,"expansion_state":0,"options":{"engine":"r","label":"unnamed-chunk-13"},"document_id":"880187C9","chunk_id":"c4q78y2lfmzb9","chunk_label":"unnamed-chunk-2"},{"row":40,"row_count":1,"visible":true,"expansion_state":0,"options":{"engine":"r","label":"unnamed-chunk-7"},"document_id":"880187C9","chunk_id":"crqgkvq4l1u2z","chunk_label":"unnamed-chunk-3"},{"row":45,"row_count":1,"visible":true,"expansion_state":0,"options":{"engine":"r","label":"unnamed-chunk-8"},"document_id":"880187C9","chunk_id":"c42izqifji7dz","chunk_label":"unnamed-chunk-4"},{"row":136,"row_count":1,"visible":true,"expansion_state":0,"options":{"engine":"r","label":"unnamed-chunk-2"},"document_id":"880187C9","chunk_id":"c6h5pcm7o304v","chunk_label":"unnamed-chunk-19"},{"row":142,"row_count":1,"visible":true,"expansion_state":0,"options":{"engine":"r","label":"unnamed-chunk-5"},"document_id":"880187C9","chunk_id":"c86foflx1joer","chunk_label":"unnamed-chunk-20"},{"row":149,"row_count":1,"visible":true,"expansion_state":0,"options":{"engine":"r","label":"unnamed-chunk-20"},"document_id":"880187C9","chunk_id":"cuflpy68p6fv2","chunk_label":"unnamed-chunk-21"},{"row":155,"row_count":1,"visible":true,"expansion_state":0,"options":{"engine":"r","label":"unnamed-chunk-11"},"document_id":"880187C9","chunk_id":"cioay4x4ahwme","chunk_label":"unnamed-chunk-22"}],"doc_write_time":1672688293,"chunk_rendered_width":663}