{"chunk_definitions":[{"chunk_id":"c4xop679012cq","expansion_state":0,"options":[],"row":10,"row_count":1,"visible":true},{"chunk_id":"cfia619yg94do","expansion_state":0,"options":[],"row":31,"row_count":1,"visible":true},{"chunk_id":"cqk7eq3wlwpww","expansion_state":0,"options":[],"row":37,"row_count":1,"visible":true},{"chunk_id":"cu228ndbbjenx","expansion_state":0,"options":[],"row":43,"row_count":1,"visible":true},{"chunk_id":"c71agkvkpluvz","expansion_state":0,"options":[],"row":47,"row_count":1,"visible":true},{"chunk_id":"czmqcaxs2ihsb","expansion_state":0,"options":[],"row":50,"row_count":1,"visible":true}],"doc_write_time":1671035389.04089}
