{"chunk_definitions":[{"row":10,"row_count":1,"visible":true,"expansion_state":0,"options":{"engine":"r","label":"unnamed-chunk-2"},"document_id":"64B343C3","chunk_id":"c0mm5di81otgj","chunk_label":"unnamed-chunk-1"},{"row":16,"row_count":1,"visible":true,"expansion_state":0,"options":{"engine":"r","label":"unnamed-chunk-3"},"document_id":"64B343C3","chunk_id":"cwei5wbh1uo8s","chunk_label":"unnamed-chunk-2"},{"row":20,"row_count":1,"visible":true,"expansion_state":0,"options":{"engine":"r","label":"unnamed-chunk-4"},"document_id":"64B343C3","chunk_id":"c0jnxgltaxvs3","chunk_label":"unnamed-chunk-3"},{"row":27,"row_count":1,"visible":true,"expansion_state":0,"options":{"engine":"r","label":"unnamed-chunk-6"},"document_id":"64B343C3","chunk_id":"czlucpj0sm2yz","chunk_label":"unnamed-chunk-4"},{"row":32,"row_count":1,"visible":true,"expansion_state":0,"options":{"engine":"r","label":"unnamed-chunk-6"},"document_id":"64B343C3","chunk_id":"czlucpj0sm2yz","chunk_label":"unnamed-chunk-5"}],"doc_write_time":1671378464,"chunk_rendered_width":663}