"0","#If you add the predicted values into a data frame then if it contains missing values it will not do it"
"0","#Therefore, I have created a command that exludes the missing values from the regression using the augment data command"
"0","#This command creates a new data frame with the data using in the regression with errors, errorsquare and predicted values"
"0","#If there are no missing values in the regression data you could add them directly"
"0",""
"0","source('augmentdata.R')"
"0","source('scatterplot.R')"
"0","hprice_=augmentdata(mod0)"
"0","plot1=scatterplot(y='e',x='bdrms',data=hprice_)"
"0","plot2=scatterplot(y='e',x='colonial',data=hprice_)"
"0","plot3=scatterplot(y='e',x='llotsize',data=hprice_)"
"0","plot4=scatterplot(y='e',x='lsqrft',data=hprice_)"
"0",""
"0","plot1; plot2;plot3;plot4"
