{"chunk_definitions":[{"row":12,"row_count":1,"visible":true,"expansion_state":0,"options":{"engine":"r","label":"unnamed-chunk-1"},"document_id":"0D9DF7AD","chunk_id":"c9m43wimy3m5l","chunk_label":"unnamed-chunk-1"},{"row":16,"row_count":1,"visible":true,"expansion_state":0,"options":{"engine":"r","label":"unnamed-chunk-2"},"document_id":"0D9DF7AD","chunk_id":"ct3yi2avytv8w","chunk_label":"unnamed-chunk-2"},{"row":21,"row_count":1,"visible":true,"expansion_state":0,"options":{"engine":"r","label":"unnamed-chunk-3"},"document_id":"0D9DF7AD","chunk_id":"ccwxnqvqhhbto","chunk_label":"unnamed-chunk-3"},{"row":26,"row_count":1,"visible":true,"expansion_state":0,"options":{"engine":"r","label":"unnamed-chunk-4"},"document_id":"0D9DF7AD","chunk_id":"ccmhgs52jb7r1","chunk_label":"unnamed-chunk-4"},{"row":31,"row_count":1,"visible":true,"expansion_state":0,"options":{"engine":"r","label":"unnamed-chunk-5"},"document_id":"0D9DF7AD","chunk_id":"c1zfbedm7s5a4","chunk_label":"unnamed-chunk-5"},{"row":35,"row_count":1,"visible":true,"expansion_state":0,"options":{"engine":"r","label":"unnamed-chunk-6"},"document_id":"0D9DF7AD","chunk_id":"cg47a4mwdmoo3","chunk_label":"unnamed-chunk-6"},{"row":40,"row_count":1,"visible":true,"expansion_state":0,"options":{"engine":"r","label":"unnamed-chunk-7"},"document_id":"0D9DF7AD","chunk_id":"ceypgqs2d0l8h","chunk_label":"unnamed-chunk-7"},{"row":52,"row_count":1,"visible":true,"expansion_state":0,"options":{"engine":"r","label":"unnamed-chunk-8"},"document_id":"0D9DF7AD","chunk_id":"crnbgxbhk1zdo","chunk_label":"unnamed-chunk-8"},{"row":61,"row_count":1,"visible":true,"expansion_state":0,"options":{"engine":"r","label":"unnamed-chunk-9"},"document_id":"0D9DF7AD","chunk_id":"ciko3dw9mdqs9","chunk_label":"unnamed-chunk-9"},{"row":68,"row_count":1,"visible":true,"expansion_state":0,"options":{"engine":"r","label":"unnamed-chunk-10"},"document_id":"0D9DF7AD","chunk_id":"c4zp99eeeqasa","chunk_label":"unnamed-chunk-10"},{"row":73,"row_count":1,"visible":true,"expansion_state":0,"options":{"engine":"r","label":"unnamed-chunk-11"},"document_id":"0D9DF7AD","chunk_id":"c8d3lmpi1pvrg","chunk_label":"unnamed-chunk-11"},{"row":78,"row_count":1,"visible":true,"expansion_state":0,"options":{"engine":"r","label":"unnamed-chunk-12"},"document_id":"0D9DF7AD","chunk_id":"cekn3atv8o91j","chunk_label":"unnamed-chunk-12"},{"row":83,"row_count":1,"visible":true,"expansion_state":0,"options":{"engine":"r","label":"unnamed-chunk-13"},"document_id":"0D9DF7AD","chunk_id":"ck6ec4n6usl29","chunk_label":"unnamed-chunk-13"},{"row":88,"row_count":1,"visible":true,"expansion_state":0,"options":{"engine":"r","label":"unnamed-chunk-14"},"document_id":"0D9DF7AD","chunk_id":"chhfurmuxsz54","chunk_label":"unnamed-chunk-14"},{"row":92,"row_count":1,"visible":true,"expansion_state":0,"options":{"engine":"r","label":"unnamed-chunk-15"},"document_id":"0D9DF7AD","chunk_id":"cb75nj8n277gy","chunk_label":"unnamed-chunk-15"},{"row":97,"row_count":1,"visible":true,"expansion_state":0,"options":{"engine":"r","label":"unnamed-chunk-16"},"document_id":"0D9DF7AD","chunk_id":"civ3qep7yg5s4","chunk_label":"unnamed-chunk-16"},{"row":103,"row_count":1,"visible":true,"expansion_state":0,"options":{"engine":"r","label":"unnamed-chunk-17"},"document_id":"0D9DF7AD","chunk_id":"cv2vpmaem4guk","chunk_label":"unnamed-chunk-17"},{"row":110,"row_count":1,"visible":true,"expansion_state":0,"options":{"engine":"r","label":"unnamed-chunk-18"},"document_id":"0D9DF7AD","chunk_id":"cllj9g78kltqi","chunk_label":"unnamed-chunk-18"},{"row":115,"row_count":1,"visible":true,"expansion_state":0,"options":{"engine":"r","label":"unnamed-chunk-19"},"document_id":"0D9DF7AD","chunk_id":"c7c94ll18517c","chunk_label":"unnamed-chunk-19"},{"row":124,"row_count":1,"visible":true,"expansion_state":0,"options":{"engine":"r","label":"unnamed-chunk-20"},"document_id":"0D9DF7AD","chunk_id":"c5tjm64mj3g0f","chunk_label":"unnamed-chunk-20"},{"row":129,"row_count":1,"visible":true,"expansion_state":0,"options":{"engine":"r","label":"unnamed-chunk-21"},"document_id":"0D9DF7AD","chunk_id":"cndwhtd0352ss","chunk_label":"unnamed-chunk-21"},{"row":138,"row_count":1,"visible":true,"expansion_state":0,"options":{"engine":"r","label":"unnamed-chunk-22"},"document_id":"0D9DF7AD","chunk_id":"cfxmwt60ocqsb","chunk_label":"unnamed-chunk-22"},{"row":145,"row_count":1,"visible":true,"expansion_state":0,"options":{"engine":"r","label":"unnamed-chunk-23"},"document_id":"0D9DF7AD","chunk_id":"cvr36bj8ns3dc","chunk_label":"unnamed-chunk-23"},{"row":151,"row_count":1,"visible":true,"expansion_state":0,"options":{"engine":"r","label":"unnamed-chunk-24"},"document_id":"0D9DF7AD","chunk_id":"cos67pco0epqu","chunk_label":"unnamed-chunk-24"},{"row":156,"row_count":1,"visible":true,"expansion_state":0,"options":{"engine":"r","label":"unnamed-chunk-25"},"document_id":"0D9DF7AD","chunk_id":"c9yhgi17i1ige","chunk_label":"unnamed-chunk-25"},{"row":162,"row_count":1,"visible":true,"expansion_state":0,"options":{"engine":"r","label":"unnamed-chunk-26"},"document_id":"0D9DF7AD","chunk_id":"c8csrsvk89yg6","chunk_label":"unnamed-chunk-26"}],"doc_write_time":1671522567}