"0","#Rather than type this out every time I am going to define this histogram function to be used below"
"0","hist=function(df,w,norm=FALSE){m=mean(unlist(df[w]));s =sd(unlist(df[w]))"
"0","if (norm==TRUE)"
"0","{ggplot(df, aes_string(x = w))+geom_histogram(aes(y =..density..),bins=40,colour = ""black"",fill =""white"")+stat_function(fun = dnorm, args = list(mean =m, sd =s))}"
"0","else"
"0","{ggplot(df, aes_string(x = w))+geom_histogram(aes(y =..density..),bins=40,colour = ""black"",fill =""white"")}"
"0","}"
