{"chunk_definitions":[{"row":10,"row_count":1,"visible":true,"expansion_state":0,"options":{"engine":"r","label":"unnamed-chunk-27"},"document_id":"FB334817","chunk_id":"cffhco9j3r10y","chunk_label":"unnamed-chunk-1"},{"row":31,"row_count":1,"visible":true,"expansion_state":0,"options":{"engine":"r","label":"unnamed-chunk-28"},"document_id":"FB334817","chunk_id":"cubjltw8mcpzl","chunk_label":"unnamed-chunk-2"},{"row":37,"row_count":1,"visible":true,"expansion_state":0,"options":{"engine":"r","label":"unnamed-chunk-38"},"document_id":"FB334817","chunk_id":"cn6k25j82s2fq","chunk_label":"unnamed-chunk-3"},{"row":43,"row_count":1,"visible":true,"expansion_state":0,"options":{"engine":"r","label":"unnamed-chunk-13"},"document_id":"FB334817","chunk_id":"c4lg2qitf5o25","chunk_label":"unnamed-chunk-4"},{"row":47,"row_count":1,"visible":true,"expansion_state":0,"options":{"engine":"r","label":"unnamed-chunk-20"},"document_id":"FB334817","chunk_id":"c8v0kfcvkbrnk","chunk_label":"unnamed-chunk-5"},{"row":50,"row_count":1,"visible":true,"expansion_state":0,"options":{"engine":"r","label":"unnamed-chunk-43"},"document_id":"FB334817","chunk_id":"cq309nmlmsrqh","chunk_label":"unnamed-chunk-6"}],"doc_write_time":1671032685,"chunk_rendered_width":530}