{"chunk_definitions":[{"row":9,"row_count":1,"visible":true,"expansion_state":0,"options":{"engine":"r","label":"unnamed-chunk-1"},"document_id":"2CF8A7A7","chunk_id":"c961er3ape0tr","chunk_label":"unnamed-chunk-1"},{"row":19,"row_count":1,"visible":true,"expansion_state":0,"options":{"engine":"r","label":"unnamed-chunk-2"},"document_id":"2993A999","chunk_id":"cve2bs19k5zok","chunk_label":"unnamed-chunk-2"},{"row":24,"row_count":1,"visible":true,"expansion_state":0,"options":{"engine":"r","label":"unnamed-chunk-3"},"document_id":"2CF8A7A7","chunk_id":"cv4fmtvf8nujq","chunk_label":"unnamed-chunk-3"},{"row":29,"row_count":1,"visible":true,"expansion_state":0,"options":{"engine":"r","label":"unnamed-chunk-4"},"document_id":"2993A999","chunk_id":"c5oncnqsncpsx","chunk_label":"unnamed-chunk-4"},{"row":35,"row_count":1,"visible":true,"expansion_state":0,"options":{"engine":"r","label":"unnamed-chunk-5"},"document_id":"2993A999","chunk_id":"cz2n5k38igaqo","chunk_label":"unnamed-chunk-5"},{"row":42,"row_count":1,"visible":true,"expansion_state":0,"options":{"engine":"r","label":"unnamed-chunk-6"},"document_id":"2CF8A7A7","chunk_id":"cbyddv42nkv9f","chunk_label":"unnamed-chunk-6"},{"row":47,"row_count":1,"visible":true,"expansion_state":0,"options":{"engine":"r","label":"unnamed-chunk-7"},"document_id":"2993A999","chunk_id":"cdt6qochn1f63","chunk_label":"unnamed-chunk-7"},{"row":53,"row_count":1,"visible":true,"expansion_state":0,"options":{"engine":"r","label":"unnamed-chunk-8"},"document_id":"2993A999","chunk_id":"cj2mmedl1pt7e","chunk_label":"unnamed-chunk-8"},{"row":59,"row_count":1,"visible":true,"expansion_state":0,"options":{"engine":"r","label":"unnamed-chunk-9"},"document_id":"2993A999","chunk_id":"cx5qon48n5bm3","chunk_label":"unnamed-chunk-9"},{"row":64,"row_count":1,"visible":true,"expansion_state":0,"options":{"engine":"r","label":"unnamed-chunk-10"},"document_id":"2993A999","chunk_id":"c3r1cyvn3x4zj","chunk_label":"unnamed-chunk-10"},{"row":70,"row_count":1,"visible":true,"expansion_state":0,"options":{"engine":"r","label":"unnamed-chunk-11"},"document_id":"2993A999","chunk_id":"c5t9d5wzw4gvp","chunk_label":"unnamed-chunk-11"},{"row":85,"row_count":1,"visible":true,"expansion_state":0,"options":{"engine":"r","label":"unnamed-chunk-12"},"document_id":"2CF8A7A7","chunk_id":"c5j5hdhn498aw","chunk_label":"unnamed-chunk-12"},{"row":90,"row_count":1,"visible":true,"expansion_state":0,"options":{"engine":"r","label":"unnamed-chunk-13"},"document_id":"2993A999","chunk_id":"c25ic27wnmlm5","chunk_label":"unnamed-chunk-13"},{"row":95,"row_count":1,"visible":true,"expansion_state":0,"options":{"engine":"r","label":"unnamed-chunk-14"},"document_id":"2993A999","chunk_id":"ci5o39240wu68","chunk_label":"unnamed-chunk-14"},{"row":99,"row_count":1,"visible":true,"expansion_state":0,"options":{"engine":"r","label":"unnamed-chunk-15"},"document_id":"2993A999","chunk_id":"c47ofc045zwve","chunk_label":"unnamed-chunk-15"},{"row":104,"row_count":1,"visible":true,"expansion_state":0,"options":{"engine":"r","label":"unnamed-chunk-16"},"document_id":"2993A999","chunk_id":"crimbc7sme9v5","chunk_label":"unnamed-chunk-16"},{"row":109,"row_count":1,"visible":true,"expansion_state":0,"options":{"engine":"r","label":"unnamed-chunk-17"},"document_id":"2993A999","chunk_id":"cfc5r0ppkace8","chunk_label":"unnamed-chunk-17"},{"row":113,"row_count":1,"visible":true,"expansion_state":0,"options":{"engine":"r","label":"unnamed-chunk-18"},"document_id":"2993A999","chunk_id":"cga5drqy036fe","chunk_label":"unnamed-chunk-18"},{"row":118,"row_count":1,"visible":true,"expansion_state":0,"options":{"engine":"r","label":"unnamed-chunk-19"},"document_id":"2993A999","chunk_id":"cdz6dp7ccsz2u","chunk_label":"unnamed-chunk-19"},{"row":123,"row_count":1,"visible":true,"expansion_state":0,"options":{"engine":"r","label":"unnamed-chunk-20"},"document_id":"2993A999","chunk_id":"ckc2jvjwscmvi","chunk_label":"unnamed-chunk-20"}],"doc_write_time":1671699161,"chunk_rendered_width":400}