{"chunk_definitions":[{"row":9,"row_count":1,"visible":true,"expansion_state":0,"options":{"engine":"r","label":"unnamed-chunk-1"},"document_id":"498169DB","chunk_id":"co1kdc2ll9l5t","chunk_label":"unnamed-chunk-1"},{"row":20,"row_count":1,"visible":true,"expansion_state":0,"options":{"engine":"r","label":"unnamed-chunk-82"},"document_id":"498169DB","chunk_id":"ck6f57r0p1zkw","chunk_label":"unnamed-chunk-2"},{"row":25,"row_count":1,"visible":true,"expansion_state":0,"options":{"engine":"r","label":"unnamed-chunk-4"},"document_id":"498169DB","chunk_id":"coxxwbrjv5mhv","chunk_label":"unnamed-chunk-3"},{"row":30,"row_count":1,"visible":true,"expansion_state":0,"options":{"engine":"r","label":"unnamed-chunk-5"},"document_id":"498169DB","chunk_id":"c83d8kfwqz8ip","chunk_label":"unnamed-chunk-4"},{"row":44,"row_count":1,"visible":true,"expansion_state":0,"options":{"engine":"r","label":"unnamed-chunk-6"},"document_id":"498169DB","chunk_id":"c2yhvat6p82va","chunk_label":"unnamed-chunk-5"},{"row":48,"row_count":1,"visible":true,"expansion_state":0,"options":{"engine":"r","label":"unnamed-chunk-7"},"document_id":"498169DB","chunk_id":"ct7a6nv3zkrwr","chunk_label":"unnamed-chunk-6"},{"row":57,"row_count":1,"visible":true,"expansion_state":0,"options":{"engine":"r","label":"unnamed-chunk-8"},"document_id":"498169DB","chunk_id":"c29nz5kmziag7","chunk_label":"unnamed-chunk-7"},{"row":61,"row_count":1,"visible":true,"expansion_state":0,"options":{"engine":"r","label":"unnamed-chunk-9"},"document_id":"498169DB","chunk_id":"culqa3jcgrda5","chunk_label":"unnamed-chunk-8"},{"row":69,"row_count":1,"visible":true,"expansion_state":0,"options":{"engine":"r","label":"unnamed-chunk-10"},"document_id":"498169DB","chunk_id":"cjmwjogq24pe3","chunk_label":"unnamed-chunk-9"},{"row":79,"row_count":1,"visible":true,"expansion_state":0,"options":{"engine":"r","label":"unnamed-chunk-3"},"document_id":"498169DB","chunk_id":"ceu08xqfkelgb","chunk_label":"unnamed-chunk-10"},{"row":84,"row_count":1,"visible":true,"expansion_state":0,"options":{"engine":"r","label":"unnamed-chunk-4"},"document_id":"498169DB","chunk_id":"c89xbmakh9dsh","chunk_label":"unnamed-chunk-11"},{"row":89,"row_count":1,"visible":true,"expansion_state":0,"options":{"engine":"r","label":"unnamed-chunk-5"},"document_id":"498169DB","chunk_id":"cfo4rt3w6hcuc","chunk_label":"unnamed-chunk-12"},{"row":99,"row_count":1,"visible":true,"expansion_state":0,"options":{"engine":"r","label":"unnamed-chunk-6"},"document_id":"498169DB","chunk_id":"c94hbapy89fco","chunk_label":"unnamed-chunk-13"},{"row":105,"row_count":1,"visible":true,"expansion_state":0,"options":{"engine":"r","label":"unnamed-chunk-7"},"document_id":"498169DB","chunk_id":"cipex0bvf3zt3","chunk_label":"unnamed-chunk-14"},{"row":110,"row_count":1,"visible":true,"expansion_state":0,"options":{"engine":"r","label":"unnamed-chunk-8"},"document_id":"498169DB","chunk_id":"co0t9oaqh2nxm","chunk_label":"unnamed-chunk-15"},{"row":115,"row_count":1,"visible":true,"expansion_state":0,"options":{"engine":"r","label":"unnamed-chunk-9"},"document_id":"498169DB","chunk_id":"c57288cpd34nl","chunk_label":"unnamed-chunk-16"},{"row":120,"row_count":1,"visible":true,"expansion_state":0,"options":{"engine":"r","label":"unnamed-chunk-10"},"document_id":"498169DB","chunk_id":"ctgm9egbpotp8","chunk_label":"unnamed-chunk-17"},{"row":125,"row_count":1,"visible":true,"expansion_state":0,"options":{"engine":"r","label":"unnamed-chunk-11"},"document_id":"498169DB","chunk_id":"cyvxpx07yvniw","chunk_label":"unnamed-chunk-18"},{"row":130,"row_count":1,"visible":true,"expansion_state":0,"options":{"engine":"r","label":"unnamed-chunk-12"},"document_id":"498169DB","chunk_id":"cwom4hnr3okw3","chunk_label":"unnamed-chunk-19"},{"row":145,"row_count":1,"visible":true,"expansion_state":0,"options":{"engine":"r","label":"unnamed-chunk-13"},"document_id":"498169DB","chunk_id":"c2ja18b1y4ppi","chunk_label":"unnamed-chunk-20"},{"row":152,"row_count":1,"visible":true,"expansion_state":0,"options":{"engine":"r","label":"unnamed-chunk-14"},"document_id":"498169DB","chunk_id":"carr3bolnfew5","chunk_label":"unnamed-chunk-21"},{"row":158,"row_count":1,"visible":true,"expansion_state":0,"options":{"engine":"r","label":"unnamed-chunk-15"},"document_id":"498169DB","chunk_id":"cwoyg7ro2azr9","chunk_label":"unnamed-chunk-22"},{"row":164,"row_count":1,"visible":true,"expansion_state":0,"options":{"engine":"r","label":"unnamed-chunk-16"},"document_id":"498169DB","chunk_id":"cvb2bnng4vbds","chunk_label":"unnamed-chunk-23"}],"doc_write_time":1671700862}