{"chunk_definitions":[{"row":51,"row_count":1,"visible":true,"expansion_state":0,"options":{"engine":"r","label":"unnamed-chunk-20"},"document_id":"C5C74681","chunk_id":"cjgi5fhnvwj08","chunk_label":"unnamed-chunk-7"},{"row":55,"row_count":1,"visible":true,"expansion_state":0,"options":{"engine":"r","label":"unnamed-chunk-4"},"document_id":"C5C74681","chunk_id":"chv11kdw4uxiw","chunk_label":"unnamed-chunk-8"},{"row":61,"row_count":1,"visible":true,"expansion_state":0,"options":{"engine":"r","label":"unnamed-chunk-2"},"document_id":"C5C74681","chunk_id":"ck8xevqpmhwqb","chunk_label":"unnamed-chunk-9"},{"row":66,"row_count":1,"visible":true,"expansion_state":0,"options":{"engine":"r","label":"unnamed-chunk-14"},"document_id":"C5C74681","chunk_id":"c2zhj4ee4q0pu","chunk_label":"unnamed-chunk-10"},{"row":83,"row_count":1,"visible":true,"expansion_state":0,"options":{"engine":"r","label":"unnamed-chunk-10"},"document_id":"C5C74681","chunk_id":"cqhr0pjpdfddv","chunk_label":"unnamed-chunk-13"},{"row":90,"row_count":1,"visible":true,"expansion_state":0,"options":{"engine":"r","label":"unnamed-chunk-38"},"document_id":"C5C74681","chunk_id":"c536qpwoyp97v","chunk_label":"unnamed-chunk-14"},{"row":94,"row_count":1,"visible":true,"expansion_state":0,"options":{"engine":"r","label":"unnamed-chunk-39"},"document_id":"C5C74681","chunk_id":"cahg53oz8rq1u","chunk_label":"unnamed-chunk-15"},{"row":99,"row_count":1,"visible":true,"expansion_state":0,"options":{"engine":"r","label":"unnamed-chunk-47"},"document_id":"C5C74681","chunk_id":"ct0g53em3ooxu","chunk_label":"unnamed-chunk-16"},{"row":106,"row_count":1,"visible":true,"expansion_state":0,"options":{"engine":"r","label":"unnamed-chunk-53"},"document_id":"C5C74681","chunk_id":"c4wver5fiyg3n","chunk_label":"unnamed-chunk-17"},{"row":111,"row_count":1,"visible":true,"expansion_state":0,"options":{"engine":"r","label":"unnamed-chunk-58"},"document_id":"C5C74681","chunk_id":"cabh509nde8dx","chunk_label":"unnamed-chunk-18"},{"row":19,"row_count":1,"visible":true,"expansion_state":0,"options":{"engine":"r","label":"unnamed-chunk-20"},"document_id":"C5C74681","chunk_id":"cjgi5fhnvwj08","chunk_label":"unnamed-chunk-1"},{"row":23,"row_count":1,"visible":true,"expansion_state":0,"options":{"engine":"r","label":"unnamed-chunk-4"},"document_id":"C5C74681","chunk_id":"chv11kdw4uxiw","chunk_label":"unnamed-chunk-2"},{"row":27,"row_count":1,"visible":true,"expansion_state":0,"options":{"engine":"r","label":"unnamed-chunk-2"},"document_id":"C5C74681","chunk_id":"ck8xevqpmhwqb","chunk_label":"unnamed-chunk-3"},{"row":34,"row_count":1,"visible":true,"expansion_state":0,"options":{"engine":"r","label":"unnamed-chunk-14"},"document_id":"C5C74681","chunk_id":"c2zhj4ee4q0pu","chunk_label":"unnamed-chunk-4"}],"doc_write_time":1671377256,"chunk_rendered_width":663}