{"chunk_definitions":[{"row":7,"row_count":1,"visible":true,"expansion_state":0,"options":{"engine":"r","label":"unnamed-chunk-22"},"document_id":"880187C9","chunk_id":"c05ptysy4zt1r","chunk_label":"unnamed-chunk-1"},{"row":21,"row_count":1,"visible":true,"expansion_state":0,"options":{"engine":"r","label":"unnamed-chunk-23"},"document_id":"880187C9","chunk_id":"c4q78y2lfmzb9","chunk_label":"unnamed-chunk-2"},{"row":40,"row_count":1,"visible":true,"expansion_state":0,"options":{"engine":"r","label":"unnamed-chunk-24"},"document_id":"880187C9","chunk_id":"crqgkvq4l1u2z","chunk_label":"unnamed-chunk-3"},{"row":45,"row_count":1,"visible":true,"expansion_state":0,"options":{"engine":"r","label":"unnamed-chunk-25"},"document_id":"880187C9","chunk_id":"c42izqifji7dz","chunk_label":"unnamed-chunk-4"},{"row":49,"row_count":1,"visible":true,"expansion_state":0,"options":{"engine":"r","label":"unnamed-chunk-26"},"document_id":"88E4C863","chunk_id":"cdm85jovlmp7m","chunk_label":"unnamed-chunk-5"},{"row":55,"row_count":1,"visible":true,"expansion_state":0,"options":{"engine":"r","label":"unnamed-chunk-27"},"document_id":"88E4C863","chunk_id":"cbbspngaeawdz","chunk_label":"unnamed-chunk-6"},{"row":61,"row_count":1,"visible":true,"expansion_state":0,"options":{"engine":"r","label":"unnamed-chunk-28"},"document_id":"88E4C863","chunk_id":"ch75g3pdfm02o","chunk_label":"unnamed-chunk-7"},{"row":66,"row_count":1,"visible":true,"expansion_state":0,"options":{"engine":"r","label":"unnamed-chunk-29"},"document_id":"88E4C863","chunk_id":"c4nrmcw0jcdr6","chunk_label":"unnamed-chunk-8"},{"row":70,"row_count":1,"visible":true,"expansion_state":0,"options":{"engine":"r","label":"unnamed-chunk-30"},"document_id":"88E4C863","chunk_id":"czxpthh73m0o2","chunk_label":"unnamed-chunk-9"},{"row":77,"row_count":1,"visible":true,"expansion_state":0,"options":{"engine":"r","label":"unnamed-chunk-31"},"document_id":"88E4C863","chunk_id":"caaydjmrkhsts","chunk_label":"unnamed-chunk-10"},{"row":87,"row_count":1,"visible":true,"expansion_state":0,"options":{"engine":"r","label":"unnamed-chunk-32"},"document_id":"88E4C863","chunk_id":"csr14tzyim5et","chunk_label":"unnamed-chunk-11"},{"row":97,"row_count":1,"visible":true,"expansion_state":0,"options":{"engine":"r","label":"unnamed-chunk-33"},"document_id":"88E4C863","chunk_id":"caz9gdba4jn47","chunk_label":"unnamed-chunk-12"},{"row":102,"row_count":1,"visible":true,"expansion_state":0,"options":{"engine":"r","label":"unnamed-chunk-34"},"document_id":"88E4C863","chunk_id":"cg6nrsvf1v5nz","chunk_label":"unnamed-chunk-13"},{"row":107,"row_count":1,"visible":true,"expansion_state":0,"options":{"engine":"r","label":"unnamed-chunk-35"},"document_id":"88E4C863","chunk_id":"cbto37cevatnv","chunk_label":"unnamed-chunk-14"},{"row":112,"row_count":1,"visible":true,"expansion_state":0,"options":{"engine":"r","label":"unnamed-chunk-36"},"document_id":"88E4C863","chunk_id":"cgkvvdbzzy2g3","chunk_label":"unnamed-chunk-15"},{"row":117,"row_count":1,"visible":true,"expansion_state":0,"options":{"engine":"r","label":"unnamed-chunk-37"},"document_id":"88E4C863","chunk_id":"cj1vhv1qrt2l9","chunk_label":"unnamed-chunk-16"},{"row":123,"row_count":1,"visible":true,"expansion_state":0,"options":{"engine":"r","label":"unnamed-chunk-38"},"document_id":"88E4C863","chunk_id":"cyx3ky0rpertm","chunk_label":"unnamed-chunk-17"},{"row":130,"row_count":1,"visible":true,"expansion_state":0,"options":{"engine":"r","label":"unnamed-chunk-39"},"document_id":"88E4C863","chunk_id":"cz1e47p0kircj","chunk_label":"unnamed-chunk-18"},{"row":137,"row_count":1,"visible":true,"expansion_state":0,"options":{"engine":"r","label":"unnamed-chunk-40"},"document_id":"880187C9","chunk_id":"c6h5pcm7o304v","chunk_label":"unnamed-chunk-19"},{"row":143,"row_count":1,"visible":true,"expansion_state":0,"options":{"engine":"r","label":"unnamed-chunk-41"},"document_id":"880187C9","chunk_id":"c86foflx1joer","chunk_label":"unnamed-chunk-20"},{"row":150,"row_count":1,"visible":true,"expansion_state":0,"options":{"engine":"r","label":"unnamed-chunk-42"},"document_id":"880187C9","chunk_id":"cuflpy68p6fv2","chunk_label":"unnamed-chunk-21"},{"row":156,"row_count":1,"visible":true,"expansion_state":0,"options":{"engine":"r","label":"unnamed-chunk-11"},"document_id":"880187C9","chunk_id":"cioay4x4ahwme","chunk_label":"unnamed-chunk-22"}],"doc_write_time":1672762093,"chunk_rendered_width":700}