{"chunk_definitions":[{"row":7,"row_count":1,"visible":true,"expansion_state":0,"options":{"engine":"r","label":"unnamed-chunk-1"},"document_id":"CB4B1697","chunk_id":"cyanag9ouuvan","chunk_label":"unnamed-chunk-1"},{"row":19,"row_count":1,"visible":true,"expansion_state":0,"options":{"engine":"r","label":"unnamed-chunk-2"},"document_id":"CB4B1697","chunk_id":"chgripl37q132","chunk_label":"unnamed-chunk-2"},{"row":26,"row_count":1,"visible":true,"expansion_state":0,"options":{"engine":"r","label":"unnamed-chunk-3"},"document_id":"CB4B1697","chunk_id":"cvikea6asktqd","chunk_label":"unnamed-chunk-3"},{"row":35,"row_count":1,"visible":true,"expansion_state":0,"options":{"engine":"r","label":"unnamed-chunk-4"},"document_id":"CB4B1697","chunk_id":"c9ivrqh40h23l","chunk_label":"unnamed-chunk-4"},{"row":40,"row_count":1,"visible":true,"expansion_state":0,"options":{"engine":"r","label":"unnamed-chunk-5"},"document_id":"41E8D404","chunk_id":"cleaal4micvbn","chunk_label":"unnamed-chunk-5"},{"row":45,"row_count":1,"visible":true,"expansion_state":0,"options":{"engine":"r","label":"unnamed-chunk-6"},"document_id":"41E8D404","chunk_id":"c94mpxp845acp","chunk_label":"unnamed-chunk-6"},{"row":54,"row_count":1,"visible":true,"expansion_state":0,"options":{"engine":"r","label":"unnamed-chunk-7"},"document_id":"41E8D404","chunk_id":"ch3hchnnuatjx","chunk_label":"unnamed-chunk-7"},{"row":79,"row_count":1,"visible":true,"expansion_state":0,"options":{"engine":"r","label":"unnamed-chunk-8"},"document_id":"41E8D404","chunk_id":"c5kqopbk0pznl","chunk_label":"unnamed-chunk-8"},{"row":85,"row_count":1,"visible":true,"expansion_state":0,"options":{"engine":"r","label":"unnamed-chunk-9"},"document_id":"41E8D404","chunk_id":"c7f0h5w18tcyw","chunk_label":"unnamed-chunk-9"},{"row":92,"row_count":1,"visible":true,"expansion_state":0,"options":{"engine":"r","label":"unnamed-chunk-10"},"document_id":"41E8D404","chunk_id":"ckm9az2rdixvw","chunk_label":"unnamed-chunk-10"},{"row":99,"row_count":1,"visible":true,"expansion_state":0,"options":{"engine":"r","label":"unnamed-chunk-11"},"document_id":"41E8D404","chunk_id":"cu0y1axh1ffn3","chunk_label":"unnamed-chunk-11"},{"row":106,"row_count":1,"visible":true,"expansion_state":0,"options":{"engine":"r","label":"unnamed-chunk-12"},"document_id":"41E8D404","chunk_id":"cs3wjj1b9xizm","chunk_label":"unnamed-chunk-12"},{"row":113,"row_count":1,"visible":true,"expansion_state":0,"options":{"engine":"r","label":"unnamed-chunk-13"},"document_id":"41E8D404","chunk_id":"c4168x4yh9pbv","chunk_label":"unnamed-chunk-13"},{"row":121,"row_count":1,"visible":true,"expansion_state":0,"options":{"engine":"r","label":"unnamed-chunk-14"},"document_id":"41E8D404","chunk_id":"c5gioew8sc7ia","chunk_label":"unnamed-chunk-14"},{"row":133,"row_count":1,"visible":true,"expansion_state":0,"options":{"engine":"r","label":"unnamed-chunk-15"},"document_id":"41E8D404","chunk_id":"cxghjicxg65bv","chunk_label":"unnamed-chunk-15"}],"doc_write_time":1673021252}