{"chunk_definitions":[{"row":13,"row_count":1,"visible":true,"expansion_state":0,"options":{"engine":"r","label":"unnamed-chunk-1"},"document_id":"498169DB","chunk_id":"ck6f57r0p1zkw","chunk_label":"unnamed-chunk-1"},{"row":18,"row_count":1,"visible":true,"expansion_state":0,"options":{"engine":"r","label":"unnamed-chunk-54"},"document_id":"498169DB","chunk_id":"coxxwbrjv5mhv","chunk_label":"unnamed-chunk-2"},{"row":24,"row_count":1,"visible":true,"expansion_state":0,"options":{"engine":"r","label":"unnamed-chunk-55"},"document_id":"498169DB","chunk_id":"c83d8kfwqz8ip","chunk_label":"unnamed-chunk-3"},{"row":41,"row_count":1,"visible":true,"expansion_state":0,"options":{"engine":"r","label":"unnamed-chunk-4"},"document_id":"498169DB","chunk_id":"c2yhvat6p82va","chunk_label":"unnamed-chunk-4"},{"row":48,"row_count":1,"visible":true,"expansion_state":0,"options":{"engine":"r","label":"unnamed-chunk-4"},"document_id":"498169DB","chunk_id":"ct7a6nv3zkrwr","chunk_label":"unnamed-chunk-5"},{"row":58,"row_count":1,"visible":true,"expansion_state":0,"options":{"engine":"r","label":"unnamed-chunk-5"},"document_id":"498169DB","chunk_id":"c29nz5kmziag7","chunk_label":"unnamed-chunk-6"},{"row":62,"row_count":1,"visible":true,"expansion_state":0,"options":{"engine":"r","label":"unnamed-chunk-6"},"document_id":"498169DB","chunk_id":"culqa3jcgrda5","chunk_label":"unnamed-chunk-7"},{"row":70,"row_count":1,"visible":true,"expansion_state":0,"options":{"engine":"r","label":"unnamed-chunk-11"},"document_id":"498169DB","chunk_id":"cjmwjogq24pe3","chunk_label":"unnamed-chunk-8"},{"row":81,"row_count":1,"visible":true,"expansion_state":0,"options":{"engine":"r","label":"unnamed-chunk-41"},"document_id":"498169DB","chunk_id":"ceu08xqfkelgb","chunk_label":"unnamed-chunk-9"},{"row":86,"row_count":1,"visible":true,"expansion_state":0,"options":{"engine":"r","label":"unnamed-chunk-44"},"document_id":"498169DB","chunk_id":"c89xbmakh9dsh","chunk_label":"unnamed-chunk-10"},{"row":91,"row_count":1,"visible":true,"expansion_state":0,"options":{"engine":"r","label":"unnamed-chunk-45"},"document_id":"498169DB","chunk_id":"cfo4rt3w6hcuc","chunk_label":"unnamed-chunk-11"},{"row":101,"row_count":1,"visible":true,"expansion_state":0,"options":{"engine":"r","label":"unnamed-chunk-87"},"document_id":"498169DB","chunk_id":"c94hbapy89fco","chunk_label":"unnamed-chunk-12"},{"row":107,"row_count":1,"visible":true,"expansion_state":0,"options":{"engine":"r","label":"unnamed-chunk-89"},"document_id":"498169DB","chunk_id":"cipex0bvf3zt3","chunk_label":"unnamed-chunk-13"},{"row":112,"row_count":1,"visible":true,"expansion_state":0,"options":{"engine":"r","label":"unnamed-chunk-95"},"document_id":"498169DB","chunk_id":"co0t9oaqh2nxm","chunk_label":"unnamed-chunk-14"},{"row":117,"row_count":1,"visible":true,"expansion_state":0,"options":{"engine":"r","label":"unnamed-chunk-96"},"document_id":"498169DB","chunk_id":"c57288cpd34nl","chunk_label":"unnamed-chunk-15"},{"row":122,"row_count":1,"visible":true,"expansion_state":0,"options":{"engine":"r","label":"unnamed-chunk-1"},"document_id":"498169DB","chunk_id":"ctgm9egbpotp8","chunk_label":"unnamed-chunk-16"},{"row":127,"row_count":1,"visible":true,"expansion_state":0,"options":{"engine":"r","label":"unnamed-chunk-2"},"document_id":"498169DB","chunk_id":"cyvxpx07yvniw","chunk_label":"unnamed-chunk-17"},{"row":132,"row_count":1,"visible":true,"expansion_state":0,"options":{"engine":"r","label":"unnamed-chunk-3"},"document_id":"498169DB","chunk_id":"cwom4hnr3okw3","chunk_label":"unnamed-chunk-18"},{"row":147,"row_count":1,"visible":true,"expansion_state":0,"options":{"engine":"r","label":"unnamed-chunk-26"},"document_id":"498169DB","chunk_id":"c2ja18b1y4ppi","chunk_label":"unnamed-chunk-19"},{"row":154,"row_count":1,"visible":true,"expansion_state":0,"options":{"engine":"r","label":"unnamed-chunk-31"},"document_id":"498169DB","chunk_id":"cvb2bnng4vbds","chunk_label":"unnamed-chunk-20"},{"row":160,"row_count":1,"visible":true,"expansion_state":0,"options":{"engine":"r","label":"unnamed-chunk-36"},"document_id":"498169DB","chunk_id":"c4bdrwznh4c1c","chunk_label":"unnamed-chunk-21"},{"row":166,"row_count":1,"visible":true,"expansion_state":0,"options":{"engine":"r","label":"unnamed-chunk-2"},"document_id":"498169DB","chunk_id":"cwko048uel91b","chunk_label":"unnamed-chunk-22"}],"doc_write_time":1671638947}