{"chunk_definitions":[{"row":8,"row_count":1,"visible":true,"expansion_state":0,"options":{"engine":"r","label":"unnamed-chunk-1"},"document_id":"A265DB73","chunk_id":"cqtseapn9wzhc","chunk_label":"unnamed-chunk-1"},{"row":20,"row_count":1,"visible":true,"expansion_state":0,"options":{"engine":"r","label":"unnamed-chunk-2"},"document_id":"A265DB73","chunk_id":"ciwwbp1mlv5f8","chunk_label":"unnamed-chunk-2"},{"row":30,"row_count":1,"visible":true,"expansion_state":0,"options":{"engine":"r","label":"unnamed-chunk-3"},"document_id":"C5C74681","chunk_id":"cjgi5fhnvwj08","chunk_label":"unnamed-chunk-3"},{"row":34,"row_count":1,"visible":true,"expansion_state":0,"options":{"engine":"r","label":"unnamed-chunk-4"},"document_id":"C5C74681","chunk_id":"chv11kdw4uxiw","chunk_label":"unnamed-chunk-4"},{"row":38,"row_count":1,"visible":true,"expansion_state":0,"options":{"engine":"r","label":"unnamed-chunk-5"},"document_id":"C5C74681","chunk_id":"ck8xevqpmhwqb","chunk_label":"unnamed-chunk-5"},{"row":45,"row_count":1,"visible":true,"expansion_state":0,"options":{"engine":"r","label":"unnamed-chunk-6"},"document_id":"C5C74681","chunk_id":"c2zhj4ee4q0pu","chunk_label":"unnamed-chunk-6"},{"row":50,"row_count":1,"visible":true,"expansion_state":0,"options":{"engine":"r","label":"unnamed-chunk-7"},"document_id":"A265DB73","chunk_id":"cw9c5kwip1nuc","chunk_label":"unnamed-chunk-7"},{"row":55,"row_count":1,"visible":true,"expansion_state":0,"options":{"engine":"r","label":"unnamed-chunk-8"},"document_id":"A265DB73","chunk_id":"cl3v55ppxiaxt","chunk_label":"unnamed-chunk-8"},{"row":62,"row_count":1,"visible":true,"expansion_state":0,"options":{"engine":"r","label":"unnamed-chunk-9"},"document_id":"A265DB73","chunk_id":"c5l49t9b7k0xj","chunk_label":"unnamed-chunk-9"},{"row":66,"row_count":1,"visible":true,"expansion_state":0,"options":{"engine":"r","label":"unnamed-chunk-10"},"document_id":"A265DB73","chunk_id":"c7s7nqbigh4p5","chunk_label":"unnamed-chunk-10"},{"row":74,"row_count":1,"visible":true,"expansion_state":0,"options":{"engine":"r","label":"unnamed-chunk-11"},"document_id":"A265DB73","chunk_id":"cho0e1t5cw40d","chunk_label":"unnamed-chunk-11"},{"row":79,"row_count":1,"visible":true,"expansion_state":0,"options":{"engine":"r","label":"unnamed-chunk-12"},"document_id":"A265DB73","chunk_id":"cnsjdzu6nwbfj","chunk_label":"unnamed-chunk-12"},{"row":83,"row_count":1,"visible":true,"expansion_state":0,"options":{"engine":"r","label":"unnamed-chunk-13"},"document_id":"A265DB73","chunk_id":"cod2ddoohpnir","chunk_label":"unnamed-chunk-13"},{"row":89,"row_count":1,"visible":true,"expansion_state":0,"options":{"engine":"r","label":"unnamed-chunk-14"},"document_id":"C5C74681","chunk_id":"cqhr0pjpdfddv","chunk_label":"unnamed-chunk-14"},{"row":96,"row_count":1,"visible":true,"expansion_state":0,"options":{"engine":"r","label":"unnamed-chunk-15"},"document_id":"C5C74681","chunk_id":"c536qpwoyp97v","chunk_label":"unnamed-chunk-15"},{"row":100,"row_count":1,"visible":true,"expansion_state":0,"options":{"engine":"r","label":"unnamed-chunk-16"},"document_id":"C5C74681","chunk_id":"cahg53oz8rq1u","chunk_label":"unnamed-chunk-16"},{"row":105,"row_count":1,"visible":true,"expansion_state":0,"options":{"engine":"r","label":"unnamed-chunk-17"},"document_id":"C5C74681","chunk_id":"ct0g53em3ooxu","chunk_label":"unnamed-chunk-17"},{"row":109,"row_count":1,"visible":true,"expansion_state":0,"options":{"engine":"r","label":"unnamed-chunk-18"},"document_id":"C5C74681","chunk_id":"c4wver5fiyg3n","chunk_label":"unnamed-chunk-18"},{"row":113,"row_count":1,"visible":true,"expansion_state":0,"options":{"engine":"r","label":"unnamed-chunk-19"},"document_id":"C5C74681","chunk_id":"cabh509nde8dx","chunk_label":"unnamed-chunk-19"}],"doc_write_time":1671698306}