{"chunk_definitions":[{"row":7,"row_count":1,"visible":true,"expansion_state":0,"options":{"engine":"r","label":"unnamed-chunk-1"},"document_id":null,"chunk_id":"c4tl5sbx1er1d","chunk_label":"unnamed-chunk-1"},{"row":19,"row_count":1,"visible":true,"expansion_state":0,"options":{"engine":"r","label":"unnamed-chunk-2"},"document_id":null,"chunk_id":"cnu40m9jj9ejn","chunk_label":"unnamed-chunk-2"},{"row":37,"row_count":1,"visible":true,"expansion_state":0,"options":{"engine":"r","label":"unnamed-chunk-3"},"document_id":null,"chunk_id":"cmiul3g5of51t","chunk_label":"unnamed-chunk-3"},{"row":42,"row_count":1,"visible":true,"expansion_state":0,"options":{"engine":"r","label":"unnamed-chunk-4"},"document_id":null,"chunk_id":"cjt2szdx66m0e","chunk_label":"unnamed-chunk-4"},{"row":48,"row_count":1,"visible":true,"expansion_state":0,"options":{"engine":"r","label":"unnamed-chunk-5"},"document_id":null,"chunk_id":"cp65neoyd9op5","chunk_label":"unnamed-chunk-5"},{"row":55,"row_count":1,"visible":true,"expansion_state":0,"options":{"engine":"r","label":"unnamed-chunk-6"},"document_id":null,"chunk_id":"c3jfdlp5q0id7","chunk_label":"unnamed-chunk-6"},{"row":62,"row_count":1,"visible":true,"expansion_state":0,"options":{"engine":"r","label":"unnamed-chunk-7"},"document_id":null,"chunk_id":"cig1utgw7ywm4","chunk_label":"unnamed-chunk-7"},{"row":66,"row_count":1,"visible":true,"expansion_state":0,"options":{"engine":"r","label":"unnamed-chunk-8"},"document_id":null,"chunk_id":"c68r2uic9p3aw","chunk_label":"unnamed-chunk-8"},{"row":100,"row_count":1,"visible":true,"expansion_state":0,"options":{"engine":"r","label":"unnamed-chunk-9"},"document_id":null,"chunk_id":"cmrp4u5s2m93m","chunk_label":"unnamed-chunk-9"},{"row":105,"row_count":1,"visible":true,"expansion_state":0,"options":{"engine":"r","label":"unnamed-chunk-10"},"document_id":null,"chunk_id":"cb240h97g9tcv","chunk_label":"unnamed-chunk-10"},{"row":112,"row_count":1,"visible":true,"expansion_state":0,"options":{"engine":"r","label":"unnamed-chunk-11"},"document_id":null,"chunk_id":"cro4enaz0cqwg","chunk_label":"unnamed-chunk-11"},{"row":118,"row_count":1,"visible":true,"expansion_state":0,"options":{"engine":"r","label":"unnamed-chunk-12"},"document_id":null,"chunk_id":"cluez67mrp8w9","chunk_label":"unnamed-chunk-12"},{"row":124,"row_count":1,"visible":true,"expansion_state":0,"options":{"engine":"r","label":"unnamed-chunk-13"},"document_id":null,"chunk_id":"clmnewnvofvin","chunk_label":"unnamed-chunk-13"},{"row":129,"row_count":1,"visible":true,"expansion_state":0,"options":{"engine":"r","label":"unnamed-chunk-14"},"document_id":null,"chunk_id":"c07xr1qx6hkdn","chunk_label":"unnamed-chunk-14"},{"row":136,"row_count":1,"visible":true,"expansion_state":0,"options":{"engine":"r","label":"unnamed-chunk-15"},"document_id":null,"chunk_id":"cogcxrgnwr14b","chunk_label":"unnamed-chunk-15"},{"row":148,"row_count":1,"visible":true,"expansion_state":0,"options":{"engine":"r","label":"unnamed-chunk-16"},"document_id":null,"chunk_id":"cfno4ydmrw0fl","chunk_label":"unnamed-chunk-16"},{"row":154,"row_count":1,"visible":true,"expansion_state":0,"options":{"engine":"r","label":"unnamed-chunk-17"},"document_id":null,"chunk_id":"c4z9vt0xopabu","chunk_label":"unnamed-chunk-17"}],"doc_write_time":1672762089,"chunk_rendered_width":400}